A,Agilent Technologies Inc,NYSE,Common Stock
AA,Alcoa Corp,NYSE,Common Stock
AAL,American Airlines Group Inc,NASDAQ,Common Stock
AAMI,Acadian Asset Management Inc,NYSE,Common Stock
AAOI,Applied Optoelectronics Inc,NASDAQ,Common Stock
AAON,Aaon Inc,NASDAQ,Common Stock
AAP,Advance Auto Parts Inc,NYSE,Common Stock
AAPB,GraniteShares 2x Long AAPL Daily ETF,NASDAQ,ETF
AAPD,Direxion Daily AAPL Bear 1X Shares,NASDAQ,ETF
AAPL,Apple Inc,NASDAQ,Common Stock
AAPU,Direxion Daily AAPL Bull 2X Shares,NASDAQ,ETF
AARD,Aardvark Therapeutics Inc,NASDAQ,Common Stock
ABAT,American Battery Technology Co,NASDAQ,Common Stock
ABBV,AbbVie Inc,NYSE,Common Stock
ABCB,Ameris Bancorp,NYSE,Common Stock
ABCL,Abcellera Biologics Inc,NASDAQ,Common Stock
ABEO,Abeona Therapeutics Inc,NASDAQ,Common Stock
ABG,Asbury Automotive Group,NYSE,Common Stock
ABM,Abm Industries Inc,NYSE,Common Stock
ABNB,Airbnb Inc,NASDAQ,Common Stock
ABOS,Acumen Pharmaceuticals Inc,NASDAQ,Common Stock
ABP,Abpro Holdings Inc,NASDAQ,Common Stock
ABSI,Absci Corp,NASDAQ,Common Stock
ABT,Abbott Laboratories,NYSE,Common Stock
ABTC,American Bitcoin Corp,NASDAQ,Common Stock
ABTS,Abits Group Inc,NASDAQ CAP,Common Stock
ABUS,Arbutus Biopharma Corporation,NASDAQ,Common Stock
ABVC,Abvc Biopharma Inc,NASDAQ,Common Stock
ABVE,Above Food Ingredients Inc,NASDAQ,Common Stock
ABX,Abacus Global Management Inc,NYSE,Common Stock
ACA,Arcosa Inc,NYSE,Common Stock
ACAD,ACADIA Pharmaceuticals Inc,NASDAQ,Common Stock
ACB,Aurora Cannabis Inc,NASDAQ,Common Stock
ACCL,Acco Group Holdings Ltd,NASDAQ,Common Stock
ACCO,ACCO Brands Corp,NYSE,Common Stock
ACCS,ACCESS Newswire Inc,NYSE American,Common Stock
ACDC,Profrac Holding Corp,NASDAQ,Common Stock
ACEL,Accel Entertainment Inc,NYSE,Common Stock
ACET,Adicet Bio Inc. Common Stock,NASDAQ,Common Stock
ACFN,Acorn Energy Inc,NASDAQ,Common Stock
ACGL,Arch Capital Group Ltd,NASDAQ,Common Stock
ACH,Accendra Health Inc,NYSE,Common Stock
ACHC,Acadia Healthcare Co Inc,NASDAQ,Common Stock
ACHR,Archer Aviation Inc A,NYSE,Common Stock
ACHV,Achieve Life Sciences Inc.,NASDAQ,Common Stock
ACI,Albertsons Cos Inc Class A,NYSE,Common Stock
ACIC,American Coastal Insurance Corporation,NYSE,Common Stock
ACIU,Ac Immune Sa,NASDAQ,Common Stock
ACIW,ACI Worldwide Inc,NASDAQ,Common Stock
ACLS,Axcelis Technologies Inc,NASDAQ,Common Stock
ACLX,Arcellx Inc,NASDAQ,Common Stock
ACM,AECOM Technology,NYSE,Common Stock
ACMR,Acm Research Inc Class A,NASDAQ,Common Stock
ACN,Accenture Plc-Cl A,NYSE,Common Stock
ACNB,ACNB Corp,NASDAQ,Common Stock
ACNT,Ascent Industries Co. Common Stock,NASDAQ,Common Stock
ACON,Aclarion Inc,NASDAQ,Common Stock
ACRS,Aclaris Therapeutics Inc,NASDAQ,Common Stock
ACRV,Acrivon Therapeutics Inc,NASDAQ,Common Stock
ACT,Enact Holdings Inc,NASDAQ,Common Stock
ACTG,Acacia Research Corp,NASDAQ,Common Stock
ACTU,Actuate Therapeutics Inc,NASDAQ,Common Stock
ACU,Acme United Corp,NYSE American,Common Stock
ACVA,Acv Auctions Inc A,NYSE,Common Stock
ACWI,iShares MSCI ACWI ETF,NASDAQ,ETF
ACXP,Acurx Pharmaceuticals Inc,NASDAQ,Common Stock
AD,Array Digital Infrastructure I,NYSE,Common Stock
ADAG,Adagene Inc Adr,NASDAQ,ADR
ADBE,Adobe Inc. Common Sto,NASDAQ,Common Stock
ADCT,Adc Therapeutics Sa,NYSE,Common Stock
ADEA,Adeia Inc,NASDAQ,Common Stock
ADGM,Adagio Medical Holdings Inc,NASDAQ,Common Stock
ADI,Analog Devices Inc,NASDAQ,Common Stock
ADIL,Adial Pharmaceuticals Inc,NASDAQ,Common Stock
ADM,Archer-Daniels-Midland Co,NYSE,Common Stock
ADMA,Adma Biologics Inc,NASDAQ,Common Stock
ADNT,Adient Plc,NYSE,Common Stock
ADP,Automatic Data Processing,NASDAQ,Common Stock
ADPT,Adaptive Biotechnologies,NASDAQ,Common Stock
ADSK,Autodesk Inc,NASDAQ,Common Stock
ADT,Adt Inc,NYSE,Common Stock
ADTN,ADTRAN Holdings Inc,NASDAQ,Common Stock
ADTX,Aditxt Inc,NASDAQ,Common Stock
ADUS,Addus HomeCare Corp,NASDAQ,Common Stock
ADV,Advantage Solutions Inc,NASDAQ,Common Stock
ADVB,Advanced Biomed Inc,NASDAQ,Common Stock
ADXN,Addex Therapeutics Ltd,NASDAQ,ADR
AEBI,Aebi Schmidt Holding AG,NASDAQ,Common Stock
AEE,Ameren Corporation,NYSE,Common Stock
AEG,Aegon Nv Ny Reg Shr,NYSE,ADR
AEHL,Antelope Enterprise Holdings,NASDAQ,Common Stock
AEHR,Aehr Test Systems,NASDAQ,Common Stock
AEI,Alset Inc,NASDAQ,Common Stock
AEIS,Advanced Energy Industries,NASDAQ,Common Stock
AEM,Agnico Eagle Mines Ltd,NYSE,Common Stock
AEMD,Aethlon Medical Inc,NASDAQ,Common Stock
AENT,Alliance Entertainment Holding Corp,NASDAQ,Common Stock
AEO,American Eagle Outfitters,NYSE,Common Stock
AEP,American Electric Power,NASDAQ,Common Stock
AER,Aercap Holdings Nv,NYSE,Common Stock
AERO,Grupo Aeromexico SAB de CV,NYSE,ADR
AES,AES Corp,NYSE,Common Stock
AESI,AESI Holdings Inc,NYSE,Common Stock
AEVA,Aeva Technologies Inc,NASDAQ,Common Stock
AEXA,American Exceptionalism Acquisition Corp A,NYSE,Common Stock
AEYE,Audioeye Inc,NASDAQ,Common Stock
AFBI,Affinity Bancshares Inc,NASDAQ,Common Stock
AFG,American Financial Group Inc,NYSE,Common Stock
AFK,VanEck Africa Index ETF,ARCA,ETF
AFL,AFLAC Inc,NYSE,Common Stock
AFRI,Forafric Global PLC,NASDAQ,Common Stock
AFRM,Affirm Holdings Inc,NASDAQ,Common Stock
AFRU,T-REX 2x Long AFRM Daily Target ETF,Cboe,ETF
AFYA,Afya Ltd Class A,NASDAQ,Common Stock
AG,First Majestic Silver Corp,NYSE,Common Stock
AGAE,Allied Gaming & Entertainment,NASDAQ CAP,Common Stock
AGCC,Agencia Comercial Spirits Ltd,NASDAQ,Common Stock
AGCO,Agco Corp,NYSE,Common Stock
AGEN,Agenus Inc,NASDAQ,Common Stock
AGG,iShares Core U.S. Aggregate Bond ETF,ARCA,ETF
AGGY,WisdomTree Yield Enhanced U.S. Aggregate Bond Fund,ARCA,ETF
AGH,Aureus Greenway Holdings Inc,NASDAQ,Common Stock
AGI,Alamos Gold Inc,NYSE,Common Stock
AGIG,Abundia Global Impact Group Inc,NYSE American,Common Stock
AGIO,Agios Pharmaceuticals Inc,NASDAQ,Common Stock
AGIX,KraneShares Artificial Intelligence & Technology ETF,NASDAQ,ETF
AGL,Agilon Health Inc,NYSE,Common Stock
AGM,Federal Agricultural Mortgage Corp-Cl C,NYSE,Common Stock
AGMH,Agm Group Holdings Inc,NASDAQ,Common Stock
AGO,Assured Guaranty Ltd,NYSE,Common Stock
AGPU,Axe Compute Inc,NASDAQ CAP,Common Stock
AGRO,Adecoagro Sa,NYSE,Common Stock
AGRZ,Agroz Inc,NASDAQ,Common Stock
AGX,Argan Inc,NYSE,Common Stock
AGYS,Agilysys Inc,NASDAQ,Common Stock
AHCO,Adapthealth Corp,NASDAQ,Common Stock
AHL,Aspen Insurance Holdings Ltd,NYSE,Common Stock
AHMA,Ambitions Enterprise Management Co LLC,NASDAQ,Common Stock
AI,C3 Ai Inc,NYSE,Common Stock
AIFF,Firefly Neuroscience Inc,NASDAQ,Common Stock
AIFU,AIFU Inc. Class A Ordinary Share,NASDAQ,ADR
AIG,American International Group,NYSE,Common Stock
AII,American Integrity Insurance Group Inc,NYSE,Common Stock
AIIO,Robo ai Inc Class B,NASDAQ CAP,Common Stock
AIMD,Ainos Inc,NASDAQ,Common Stock
AIN,Albany Intl Corp-Cl A,NYSE,Common Stock
AIOT,PowerFleet Inc,NASDAQ,Common Stock
AIP,Arteris Inc,NASDAQ,Common Stock
AIPI,REX AI Equity Premium Income ETF,NASDAQ,ETF
AIQ,GlobalX Artificial Intelligence & Technology ETF,NASDAQ,ETF
AIR,AAR Corp,NYSE,Common Stock
AIRG,Airgain Inc,NASDAQ,Common Stock
AIRI,Air Industries Group,NYSE Market,Common Stock
AIRJ,AirJoule Technologies Corp,NASDAQ,Common Stock
AIRO,AIRO Group Holdings Inc,NASDAQ,Common Stock
AIRR,First Trust RBA American Industrial Renaissance ETF,NASDAQ,ETF
AIRS,Airsculpt Technologies Inc,NASDAQ,Common Stock
AIRT,Air T Inc,NASDAQ,Common Stock
AISP,Airship AI Holdings Inc,NASDAQ,Common Stock
AIT,Applied Industrial Tech Inc,NYSE,Common Stock
AIXC,AIxCrypto Holdings Inc,NASDAQ CAP,Common Stock
AIZ,Assurant Inc,NYSE,Common Stock
AJG,Arthur J Gallagher & Co,NYSE,Common Stock
AKA,Aka Brands Holding Corp,NYSE,Common Stock
AKAM,Akamai Technologies Inc,NASDAQ,Common Stock
AKAN,Akanda Corp,NASDAQ,Common Stock
AKBA,Akebia Therapeutics Inc,NASDAQ CAP,Common Stock
AKTS,Aktis Oncology Inc,NASDAQ,Common Stock
AL,Air Lease Corp,NYSE,Common Stock
ALAB,Astera Labs Inc,NASDAQ,Common Stock
ALB,Albemarle Corp,NYSE,Common Stock
ALBT,Avalon Globocare Corp,NASDAQ,Common Stock
ALC,Alcon Inc,NYSE,Common Stock
ALCO,Alico Inc,NASDAQ,Common Stock
ALCY,Alchemy Investments Acquisition Corp 1,NASDAQ,Common Stock
ALDF,Aldel Financial II Inc,NASDAQ,Common Stock
ALDX,Aldeyra Therapeutics Inc,NASDAQ,Common Stock
ALEC,Alector Inc,NASDAQ,Common Stock
ALF,Centurion Acquisition Corp,NASDAQ,Common Stock
ALG,Alamo Group Inc,NYSE,Common Stock
ALGM,Allegro Microsystems Inc,NASDAQ,Common Stock
ALGN,Align Technology Inc,NASDAQ,Common Stock
ALGS,Aligos Therapeutics Inc,NASDAQ,Common Stock
ALGT,Allegiant Travel Co,NASDAQ,Common Stock
ALH,Alliance Laundry Holdings Inc,NYSE,Common Stock
ALHC,Alignment Healthcare Inc,NASDAQ,Common Stock
ALIT,Alight Inc Class A,NYSE,Common Stock
ALK,Alaska Air Group Inc,NYSE,Common Stock
ALKS,Alkermes Plc,NASDAQ,Common Stock
ALKT,Alkami Technology Inc,NASDAQ,Common Stock
ALL,Allstate Corp,NYSE,Common Stock
ALLE,Allegion Plc,NYSE,Common Stock
ALLO,Allogene Therapeutics Inc,NASDAQ,Common Stock
ALLR,Allarity Therapeutics Inc,NASDAQ,Common Stock
ALLT,Allot Ltd,NASDAQ,Common Stock
ALLY,Ally Financial Inc,NYSE,Common Stock
ALMS,Alumis Inc,NASDAQ,Common Stock
ALNT,Allient Inc,NASDAQ,Common Stock
ALNY,Alnylam Pharmaceuticals Inc,NASDAQ,Common Stock
ALOT,Astronova Inc,NASDAQ,Common Stock
ALRM,Alarm.Com Holdings Inc,NASDAQ,Common Stock
ALRS,Alerus Financial Corp,NASDAQ,Common Stock
ALSN,Allison Transmission Holding,NYSE,Common Stock
ALT,Altimmune Inc.,NASDAQ,Common Stock
ALTG,Alta Equipment Group Inc,NYSE,Common Stock
ALTI,Alti Global Inc,NASDAQ,Common Stock
ALTO,Alto Ingredients Inc,NASDAQ,Common Stock
ALTS,ALT5 Sigma Corp,NASDAQ CAP,Common Stock
ALTY,GlobalX Alternative Income ETF,NASDAQ,ETF
ALUR,Allurion Technologies Inc,NYSE,Common Stock
ALV,Autoliv Inc,NYSE,Common Stock
ALXO,Alx Oncology Holdings Inc,NASDAQ,Common Stock
ALZN,Alzamend Neuro Inc,NASDAQ,Common Stock
AM,Antero Midstream Corp,NYSE,Common Stock
AMAL,Amalgamated Financial Corp,NASDAQ,Common Stock
AMAT,Applied Materials Inc,NASDAQ,Common Stock
AMBA,Ambarella Inc,NASDAQ,Common Stock
AMBP,Ardagh Metal Packaging Sa,NYSE,Common Stock
AMBQ,Ambiq Micro Inc,NYSE,Common Stock
AMBR,Amber International Holding Limited ADS,NASDAQ,ADR
AMC,AMC Entertainment Hlds-Cl A,NYSE,Common Stock
AMCI,AMC Robotics Corp,NASDAQ,Common Stock
AMCR,Amcor Plc,NYSE,Common Stock
AMCX,Amc Networks Inc-A,NASDAQ,Common Stock
AMD,Advanced Micro Devices,NASDAQ,Common Stock
AMDD,Direxion Daily AMD Bear 1X Shares,NASDAQ,ETF
AMDL,Graniteshares 2x Long AMD Daily ETF,NASDAQ,ETF
AMDY,YieldMax AMD Option Income Strategy ETF,ARCA,ETF
AME,Ametek Inc,NYSE,Common Stock
AMG,Affiliated Managers Group,NYSE,Common Stock
AMGN,Amgen Inc,NASDAQ,Common Stock
AMIX,Autonomix Medical Inc,NASDAQ,Common Stock
AMKR,Amkor Technology Inc,NASDAQ,Common Stock
AMLX,Amylyx Pharmaceuticals Inc,NASDAQ,Common Stock
AMN,AMN Healthcare Services Inc,NYSE,Common Stock
AMOD,Alpha Modus Holdings Inc,NASDAQ CAP,Common Stock
AMP,Ameriprise Financial Inc,NYSE,Common Stock
AMPG,Amplitech Group Inc,NASDAQ,Common Stock
AMPH,Amphastar Pharmaceuticals In,NASDAQ,Common Stock
AMPL,Amplitude Inc Class A,NASDAQ,Common Stock
AMPX,Amprius Technologies Inc,NYSE,Common Stock
AMPY,Amplify Energy Corp,NYSE,Common Stock
AMR,Alpha Metallurgical Resources,NYSE,Common Stock
AMRC,Ameresco Inc-Cl A,NYSE,Common Stock
AMRN,Amarin Corp Plc Adr,NASDAQ CAP,ADR
AMRX,Amneal Pharmaceuticals Inc,NASDAQ,Common Stock
AMRZ,Amrize Ltd,NYSE,Common Stock
AMS,American Shared Hospital Ser,NYSE Market,Common Stock
AMSC,American Superconductor Corp,NASDAQ,Common Stock
AMSF,AMERISAFE Inc,NASDAQ,Common Stock
AMST,Amesite Operating Co,NASDAQ,Common Stock
AMTB,Amerant Bancorp Inc,NYSE,Common Stock
AMTD,AMTD IDEA Group,NYSE,ADR
AMTM,Amentum Holdings Inc,NYSE,Common Stock
AMTX,Aemetis Inc,NASDAQ,Common Stock
AMUU,Direxion Daily AMD Bull 2X Shares,NASDAQ,ETF
AMWD,American Woodmark Corp,NASDAQ,Common Stock
AMWL,American Well Corp Class A,NYSE,Common Stock
AMX,America Movil SAB de CV,NYSE,ADR
AMYY,GraniteShares YieldBOOST AMD ETF,NASDAQ,ETF
AMZD,Direxion Daily Amzn Bear 1X Shares,NASDAQ,ETF
AMZN,Amazon.Com Inc,NASDAQ,Common Stock
AMZU,Direxion Daily AMZN Bull 2X Shares,NASDAQ,ETF
AMZY,Yieldmax AMZN Option Income ETF,ARCA,ETF
AMZZ,GraniteShares 2x Long AMZN Daily ETF,NASDAQ,ETF
AN,Autonation Inc,NYSE,Common Stock
ANAB,Anaptysbio Inc,NASDAQ,Common Stock
ANDE,The Andersons Inc,NASDAQ,Common Stock
ANDG,Andersen Group Inc,NYSE,Common Stock
ANET,Arista Networks Inc,NYSE,Common Stock
ANF,Abercrombie & Fitch Co-Cl A,NYSE,Common Stock
ANGI,Angi Inc.,NASDAQ,Common Stock
ANGO,Angiodynamics Inc,NASDAQ,Common Stock
ANIK,Anika Therapeutics Inc,NASDAQ,Common Stock
ANIP,ANI Pharmaceuticals Inc,NASDAQ,Common Stock
ANIX,Anixa Biosciences Inc. Common Stock,NASDAQ,Common Stock
ANNA,AleAnna Inc,NASDAQ CAP,Common Stock
ANNX,Annexon Inc,NASDAQ,Common Stock
ANPA,Rich Sparkle Holdings Ltd,NASDAQ,Common Stock
ANRO,Alto Neuroscience Inc,NYSE,Common Stock
ANSC,Agriculture & Natural Solutions Acquisition Corp,NASDAQ,Common Stock
ANTX,An2 Therapeutics Inc,NASDAQ,Common Stock
ANVS,Annovis Bio,NYSE,Common Stock
ANY,Sphere 3D Corp,NASDAQ,Common Stock
AON,Aon PLC/Ireland,NYSE,Common Stock
AORT,Artivion Inc,NYSE,Common Stock
AOS,AO Smith Corp,NYSE,Common Stock
AOSL,Alpha And Omega Semiconductor,NASDAQ,Common Stock
AOUT,American Outdoor Brands Inc,NASDAQ,Common Stock
AP,Ampco-Pittsburgh Corp,NYSE,Common Stock
APA,APA Corporation,NASDAQ,Common Stock
APAM,Artisan Partners Asset Ma -A,NYSE,Common Stock
APD,Air Products & Chemicals Inc,NYSE,Common Stock
APEI,American Public Education,NASDAQ,Common Stock
APG,Api Group Corp,NYSE,Common Stock
APGE,Apogee Therapeutics Inc,NASDAQ,Common Stock
APH,Amphenol Corp-Cl A,NYSE,Common Stock
API,Agora Inc Adr,NASDAQ,ADR
APLD,Applied Digital Corp,NASDAQ,Common Stock
APLM,Apollomics Inc,NASDAQ,Common Stock
APLS,Apellis Pharmaceuticals Inc,NASDAQ,Common Stock
APLY,YieldMax AAPL Option Income Strategy ETF,ARCA,ETF
APM,Aptorum Group Ltd,NASDAQ,Common Stock
APO,Apollo Global Management Inc,NYSE,Common Stock
APOG,Apogee Enterprises Inc,NASDAQ,Common Stock
APP,Applovin Corp Class A,NASDAQ,Common Stock
APPF,Appfolio Inc - A,NASDAQ,Common Stock
APPN,Appian Corp,NASDAQ,Common Stock
APPS,Digital Turbine Inc,NASDAQ,Common Stock
APRE,Aprea Therapeutics Inc,NASDAQ,Common Stock
APT,Alpha Pro Tech Ltd,NYSE American,Common Stock
APTV,Aptive Holdings Ltd,NYSE,Common Stock
APUS,Apimeds Pharmaceuticals US Inc,NYSE Market,Common Stock
APVO,Aptevo Therapeutics Inc,NASDAQ,Common Stock
APYX,Apyx Medical Corp,NASDAQ,Common Stock
AQB,Aquabounty Technologies,NASDAQ,Common Stock
AQMS,Aqua Metals Inc,NASDAQ,Common Stock
AQN,Algonquin Power and Utilities,NYSE,Common Stock
AQST,Aquestive Therapeutics Inc,NASDAQ,Common Stock
AR,Antero Resources Corp,NYSE,Common Stock
ARAI,Arrive AI Inc,NASDAQ,Common Stock
ARAY,Accuray Inc,NASDAQ,Common Stock
ARBE,Arbe Robotics Ltd,NASDAQ,Common Stock
ARBK,Argo Blockchain Plc Adr,NASDAQ,ADR
ARCB,ArcBest Corp,NASDAQ,Common Stock
ARCO,Arcos Dorados Holdings Inc A,NYSE,Common Stock
ARCT,Arcturus Therapeutics Holdings Inc,NASDAQ,Common Stock
ARDT,Ardent Health Inc,NYSE,Common Stock
ARDX,Ardelyx Inc,NASDAQ,Common Stock
AREB,American Rebel Holdings Inc,NASDAQ,Common Stock
AREC,American Resources Corp,NASDAQ,Common Stock
AREN,Arena Group Holdings Inc,NYSE Market,Common Stock
ARES,Ares Management Corp A,NYSE,Common Stock
ARGX,Argenx Se Adr,NASDAQ,ADR
ARHS,Arhaus Inc,NASDAQ,Common Stock
ARKO,Arko Corp,NASDAQ,Common Stock
ARKR,Ark Restaurants Corp,NASDAQ,Common Stock
ARL,American Realty Investors In,NYSE,Common Stock
ARLO,Arlo Technologies Inc,NYSE,Common Stock
ARM,Arm Holdings,NASDAQ,ADR
ARMK,Aramark Holdings Corp,NYSE,Common Stock
ARMP,Armata Pharmaceuticals Inc,NYSE American,Common Stock
ARMU,T-Rex 2X Long ARM Daily Target ETF,Cboe,ETF
AROC,Archrock Inc.,NYSE,Common Stock
AROW,Arrow Financial Corp,NASDAQ,Common Stock
ARQ,Arq Inc,NASDAQ,Common Stock
ARQQ,Arqit Quantum Inc,NASDAQ,Common Stock
ARQT,Arcutis Biotherapeutics Inc,NASDAQ,Common Stock
ARRY,Array Technologies Inc,NASDAQ,Common Stock
ARTL,Artelo Biosciences Inc,NASDAQ,Common Stock
ARTNA,Artesian Resources Corp-Cl A,NASDAQ,Common Stock
ARTV,Artiva Biotherapeutics Inc,NASDAQ,Common Stock
ARTW,Artsway Manufacturing Co,NASDAQ,Common Stock
ARVN,Arvinas Inc,NASDAQ,Common Stock
ARW,Arrow Electronics Inc,NYSE,Common Stock
ARWR,Arrowhead Pharmaceuticals Inc,NASDAQ,Common Stock
ARX,Accelerant Holdings,NYSE,Common Stock
ASAN,Asana Inc Cl A,NYSE,Common Stock
ASB,Associated Banc-Corp,NYSE,Common Stock
ASBP,Aspire Biopharma Holdings Inc,NASDAQ CAP,Common Stock
ASC,Ardmore Shipping Corp,NYSE,Common Stock
ASGN,On Assignment Inc,NYSE,Common Stock
ASH,Ashland Inc,NYSE,Common Stock
ASIC,Ategrity Specialty Holdings LLC,NYSE,Common Stock
ASIX,Advansix Inc,NYSE,Common Stock
ASLE,Aersale Corp,NASDAQ,Common Stock
ASM,Avino Silver & Gold Mines,NYSE American,Common Stock
ASMB,Assembly Biosciences Inc,NASDAQ,Common Stock
ASMG,Leverage Shares 2X Long ASML Daily ETF,NASDAQ,ETF
ASML,ASML Holding Nv-Ny Reg Shs,NASDAQ,ADR
ASND,Ascendis Pharma As Adr,NASDAQ,ADR
ASNS,Actelis Networks Inc,NASDAQ,Common Stock
ASO,Academy Sports And Outdoors Inc,NASDAQ,Common Stock
ASPC,A SPAC III Acquisition Corp,NASDAQ,Common Stock
ASPI,Asp Isotopes Inc,NASDAQ,Common Stock
ASPN,Aspen Aerogels Inc,NYSE,Common Stock
ASPS,Altisource Portfolio Sol,NASDAQ,Common Stock
ASR,Grupo Aeroportuario Sur Adr,NYSE,ADR
ASRT,Assertio Holdings Inc. Common Stock,NASDAQ,Common Stock
ASRV,Ameriserv Financial Inc,NASDAQ,Common Stock
ASTC,Astrotech Corp,NASDAQ,Common Stock
ASTE,Astec Industries Inc,NASDAQ,Common Stock
ASTH,Astrana Health Inc,NASDAQ CAP,Common Stock
ASTL,Algoma Steel Group Inc,NASDAQ,Common Stock
ASTS,Ast Spacemobile Inc,NASDAQ,Common Stock
ASUR,Asure Software Inc,NASDAQ,Common Stock
ASX,Ase Technology Holding Adr,NYSE,ADR
ASYS,Amtech Systems Inc,NASDAQ,Common Stock
ATAI,AtaiBeckley Inc,NASDAQ,Common Stock
ATCH,AtlasClear Holdings Inc,NYSE Market,Common Stock
ATEC,Alphatec Holdings Inc,NASDAQ,Common Stock
ATEN,A10 Networks Inc,NYSE,Common Stock
ATER,Aterian Inc. Common Stock,NASDAQ,Common Stock
ATEX,Anterix Inc,NASDAQ,Common Stock
ATGE,DeVry Education Group Inc,NYSE,Common Stock
ATHE,Alterity Therapeutics ltd,NASDAQ,ADR
ATHM,Autohome Inc Adr,NYSE,ADR
ATHR,Aether Holdings Inc,NASDAQ,Common Stock
ATI,ATI Inc,NYSE,Common Stock
ATKR,Atkore Inc,NYSE,Common Stock
ATLC,Atlanticus Holdings Corp,NASDAQ,Common Stock
ATLN,Atlantic International Corp,NASDAQ,Common Stock
ATLO,Ames National Corp,NASDAQ,Common Stock
ATLX,Atlas Lithium Inc,NASDAQ,Common Stock
ATMU,Atmus Filtration Technologies,NYSE,Common Stock
ATNI,ATN International Inc,NASDAQ,Common Stock
ATNM,Actinium Pharmaceuticals Inc,NYSE American,Common Stock
ATO,Atmos Energy Corp,NYSE,Common Stock
ATOM,Atomera Inc,NASDAQ,Common Stock
ATON,AlphaTON Capital Corp,NASDAQ,Common Stock
ATOS,Atossa Therapeutics Inc,NASDAQ,Common Stock
ATPC,Agape ATP Corp,NASDAQ,Common Stock
ATR,Aptargroup Inc,NYSE,Common Stock
ATRA,Atara Biotherapeutics Inc,NASDAQ,Common Stock
ATRC,Atricure Inc,NASDAQ,Common Stock
ATRO,Astronics Corp,NASDAQ,Common Stock
ATYR,aTyr Pharma Inc,NASDAQ CAP,Common Stock
AU,AngloGold Ashanti Plc,NYSE,ADR
AUB,Atlantic Union Bankshares Corporation,NYSE,Common Stock
AUBN,Auburn Natl Bancorporation,NASDAQ,Common Stock
AUDC,Audiocodes Ltd,NASDAQ,Common Stock
AUGO,Aura Minerals Inc,NASDAQ,Common Stock
AUID,authID Inc,NASDAQ CAP,Common Stock
AUPH,Aurinia Pharmaceuticals Inc,NASDAQ,Common Stock
AUR,Aurora Innovation Inc,NASDAQ,Common Stock
AURA,Aura Biosciences Inc,NASDAQ,Common Stock
AUST,Austin Gold Corp,NYSE Market,Common Stock
AUTL,Autolus Therapeutics Plc,NASDAQ,ADR
AVA,Avista Corp,NYSE,Common Stock
AVAH,Aveanna Healthcare Holdings,NASDAQ,Common Stock
AVAL,Grupo Aval Acciones Y Valore,NYSE,ADR
AVAV,Aerovironment Inc,NASDAQ,Common Stock
AVBC,Avidia Bancorp Inc,NYSE,Common Stock
AVBP,Arrivent Biopharma Inc,NASDAQ,Common Stock
AVD,American Vanguard Corp,NYSE,Common Stock
AVDE,Avantis International Equity ETF,ARCA,ETF
AVDL,Avadel Pharmaceuticals Adr,NASDAQ,ADR
AVEM,Avantis Emerging Markets Equity ETF,ARCA,ETF
AVGO,Broadcom Inc,NASDAQ,Common Stock
AVGU,GraniteShares 2x Long AVGO Daily ETF,NASDAQ,ETF
AVIR,Atea Pharmaceuticals Inc,NASDAQ,Common Stock
AVL,Direxion Daily AVGO Bull 2X Shares,NASDAQ,ETF
AVNS,AVANOS MEDICAL INC.,NYSE,Common Stock
AVNT,Avient Corp,NYSE,Common Stock
AVNW,Aviat Networks Inc,NASDAQ,Common Stock
AVO,Mission Produce Inc,NASDAQ,Common Stock
AVPT,Avepoint Inc,NASDAQ,Common Stock
AVR,Anteris Technologies Global,NASDAQ,Common Stock
AVS,Direxion Daily AVGO Bear 1X Shares,NASDAQ,ETF
AVT,Avnet Inc,NASDAQ,Common Stock
AVTR,Avantor Inc,NYSE,Common Stock
AVTX,Avalo Therapeutics Inc. Common Stock,NASDAQ,Common Stock
AVUS,Avantis U.S. Equity ETF,ARCA,ETF
AVUV,Avantis U.S. Small Cap Value ETF,ARCA,ETF
AVX,Avax One Technology Ltd,NASDAQ CAP,Common Stock
AVXL,Anavex Life Sciences Corp,NASDAQ,Common Stock
AVY,Avery Dennison Corp,NYSE,Common Stock
AWI,Armstrong World Industries,NYSE,Common Stock
AWK,American Water Works Co Inc,NYSE,Common Stock
AWR,American States Water Co,NYSE,Common Stock
AWRE,Aware Inc/Mass,NASDAQ,Common Stock
AWX,Avalon Holdings Corpa,NYSE Market,Common Stock
AX,Axos Financial Inc. Common Stock,NYSE,Common Stock
AXG,Solowin Holdings ,NASDAQ CAP,Common Stock
AXGN,Axogen Inc. Common Stock,NASDAQ,Common Stock
AXIA,Centrais Eletricas Brasileiras SA,NYSE,ADR
AXIL,Axil Brands Inc,NYSE Market,Common Stock
AXON,Axon Enterprise Inc,NASDAQ,Common Stock
AXP,American Express Co,NYSE,Common Stock
AXR,Amrep Corp,NYSE,Common Stock
AXS,Axis Capital Holdings Ltd,NYSE,Common Stock
AXSM,Axsome Therapeutics Inc,NASDAQ,Common Stock
AXTA,Axalta Coating Systems Ltd,NYSE,Common Stock
AXTI,Axt Inc,NASDAQ,Common Stock
AYI,Acuity Inc,NYSE,Common Stock
AYTU,Aytu Biopharma Inc,NASDAQ,Common Stock
AZN,AstraZeneca PLC,NYSE,Common Stock
AZO,Autozone Inc,NYSE,Common Stock
AZTA,Azenta Inc,NASDAQ,Common Stock
AZYY,GraniteShares YieldBoost AMZN ETF,NASDAQ,ETF
AZZ,AZZ Inc,NYSE,Common Stock
B,Barrick Mining,NYSE,Common Stock
BA,The Boeing Company,NYSE,Common Stock
BABA,Alibaba Group Holding Ltd ADR,NYSE,ADR
BABX,GraniteShares 2x Long BABA Daily ETF,NASDAQ,ETF
BAC,Bank of America Corp,NYSE,Common Stock
BACQ,Inflection Point Acquisition Corp I,NASDAQ,Common Stock
BAER,Bridger Aerospace Group,NASDAQ,Common Stock
BAFN,Bayfirst Financial Corp,NASDAQ,Common Stock
BAH,Booz Allen Hamilton Holdings,NYSE,Common Stock
BAK,Braskem Sa Spon Adr,NYSE,ADR
BALL,Ball Corp,NYSE,Common Stock
BANC,Banc of California Inc,NYSE,Common Stock
BAND,Bandwidth Inc-Class A,NASDAQ,Common Stock
BANF,Bancfirst Corp,NASDAQ,Common Stock
BANR,Banner Corporation,NASDAQ,Common Stock
BAR,Graniteshares Gold Trust,ARCA,ETF
BARK,BARK Inc,NYSE,Common Stock
BATL,Battalion Oil Corp,NYSE American,Common Stock
BATRA,Atlanta Braves Holdings Inc Series A,NASDAQ,Common Stock
BATRK,Atlanta Braves Holdings Inc Series C,NASDAQ,Common Stock
BAX,Baxter International Inc,NYSE,Common Stock
BAYA,Bayview Acquisition Corp,NASDAQ,Common Stock
BB,BlackBerry Ltd,NYSE,Common Stock
BBAG,JPMorgan BetaBuilders U.S. Aggregate Bond ETF,ARCA,ETF
BBAI,Bigbear Ai Holdings Inc,NYSE,Common Stock
BBAR,Bbva Argentina Sa Adr,NYSE,ADR
BBBY,Bed Bath & Beyond Inc,NYSE,Common Stock
BBCP,Concrete Pumping Holdings In,NASDAQ,Common Stock
BBD,Banco Bradesco-ADR,NYSE,ADR
BBGI,Beasley Broadcast Grp Inc A,NASDAQ,Common Stock
BBH,VanEck Biotech ETF,NASDAQ,ETF
BBHY,JPMorgan BetaBuilders USD High Yield Corporate Bond ETF,Cboe,ETF
BBIO,Bridgebio Pharma Inc,NASDAQ,Common Stock
BBJP,JPMorgan BetaBuilders Japan ETF,Cboe,ETF
BBLG,Bone Biologics Corp,NASDAQ,Common Stock
BBNX,Beta Bionics Inc,NASDAQ,Common Stock
BBOT,BridgeBio Oncology Therapeutics Inc,NASDAQ,Common Stock
BBRE,JPMorgan BetaBuilders MSCI US REIT ETF,Cboe,ETF
BBSI,Barrett Business Svcs Inc,NASDAQ,Common Stock
BBT,Beacon Financial Corp,NYSE,Common Stock
BBUS,JPMorgan BetaBuilders U.S. Equity ETF,Cboe,ETF
BBW,Build-A-Bear Workshop Inc,NYSE,Common Stock
BBWI,Bath & Body Works Inc,NYSE,Common Stock
BBY,Best Buy Co Inc,NYSE,Common Stock
BBYY,GraniteShares YieldBOOST BABA ETF,NASDAQ,ETF
BC,Brunswick Corp,NYSE,Common Stock
BCAB,Bioatla Inc,NASDAQ,Common Stock
BCAL,California Bancorp,NASDAQ,Common Stock
BCAX,Bicara Therapeutics Inc,NASDAQ,Common Stock
BCBP,BCB Bancorp Inc,NASDAQ,Common Stock
BCC,Boise Cascade Co,NYSE,Common Stock
BCDA,Biocardia Inc,NASDAQ,Common Stock
BCE,Bce Inc,NYSE,Common Stock
BCG,Binah Capital Group Inc,NASDAQ,Common Stock
BCH,Banco De Chile Adr,NYSE,ADR
BCML,Baycom Corp,NASDAQ,Common Stock
BCO,The Brink's Company,NYSE,Common Stock
BCPC,Balchem Corp,NASDAQ,Common Stock
BCRX,Biocryst Pharmaceuticals Inc,NASDAQ,Common Stock
BCS,Barclays Plc Spons Adr,NYSE,ADR
BCYC,Bicycle Therapeutics Plc Adr,NASDAQ,ADR
BDC,Belden Inc,NYSE,Common Stock
BDL,Flanigans Enterprises Inc,NYSE American,Common Stock
BDRX,Biodexa Pharmaceuticals Plc,NASDAQ,ADR
BDSX,Biodesix Inc,NASDAQ,Common Stock
BDTX,Black Diamond Therapeutics I,NASDAQ,Common Stock
BDX,Becton Dickinson And Co,NYSE,Common Stock
BE,Bloom Energy Corp Class A,NYSE,Common Stock
BEAG,Bold Eagle Acquisition Corp,NASDAQ,Common Stock
BEAM,Beam Therapeutics Inc,NASDAQ,Common Stock
BEAT,Heartbeam Inc,NASDAQ,Common Stock
BEEM,Beam Global ,NASDAQ,Common Stock
BEEP,Mobile Infrastructure Corp,NASDAQ,Common Stock
BEKE,Ke Holdings Inc,NYSE,ADR
BELFA,Bel Fuse Inc Cl A,NASDAQ,Common Stock
BELFB,Bel Fuse Inc Cl B,NASDAQ,Common Stock
BEN,Franklin Resources Inc,NYSE,Common Stock
BEPC,Brookfield Renewable Corp,NYSE,Common Stock
BETA,Beta Technologies Inc,NYSE,Common Stock
BETR,Better Home & Finance Holding Co,NASDAQ,Common Stock
BF.A,Brown Forman Corp,NYSE,Common Stock
BF.B,Brown-Forman Corp-Class B,NYSE,Common Stock
BFAM,Bright Horizons Family Solut,NYSE,Common Stock
BFC,Bank First Corp,NASDAQ,Common Stock
BFH,Bread Financial Holdings Inc,NYSE,Common Stock
BFLY,Butterfly Network Inc,NYSE,Common Stock
BFRG,Bullfrog AI Holdings Inc,NASDAQ,Common Stock
BFRI,Biofrontera Inc,NASDAQ,Common Stock
BFST,Business First Bancshares,NASDAQ,Common Stock
BG,Bunge Global SA,NYSE,Common Stock
BGC,BGC Group Inc,NASDAQ,Common Stock
BGI,Birks Group Inc,NYSE Market,Common Stock
BGIN,BGIN Blockchain Ltd,NASDAQ,Common Stock
BGM,BGM Group Ltd,NASDAQ CAP,Common Stock
BGMS,Bio Green Med Solution Inc,NASDAQ CAP,Common Stock
BGS,B&G Foods Inc,NYSE,Common Stock
BGSF,BGSF Inc,NYSE,Common Stock
BH,Biglari Holdings Inc,NYSE,Common Stock
BHB,Bar Harbor Bankshares,NYSE American,Common Stock
BHC,Valeant Pharmaceuticals International Inc,NYSE,Common Stock
BHE,Benchmark Electronics Inc,NYSE,Common Stock
BHF,Brighthouse Financial Inc,NASDAQ,Common Stock
BHP,BHP Group Limited,NYSE,ADR
BHRB,Burke & Herbert Financial Services Corp,NASDAQ,Common Stock
BHVN,Biohaven Ltd,NYSE,Common Stock
BIDU,Baidu Inc ADR,NASDAQ,ADR
BIIB,Biogen Inc,NASDAQ,Common Stock
BILI,Bilibili Inc-Sponsored Adr,NASDAQ,ADR
BILL,BILL Holdings Inc,NYSE,Common Stock
BIO,Bio-Rad Laboratories-A,NYSE,Common Stock
BIOA,Bioage Labs Inc,NASDAQ,Common Stock
BIOX,Bioceres Crop Solutions Corp,NASDAQ,Common Stock
BIPC,Brookfield Infrastructure A,NYSE,Common Stock
BIRD,Allbirds Inc Cl A,NASDAQ,Common Stock
BIRK,Birkenstock Holding Plc,NYSE,Common Stock
BITF,Bitfarms Ltd Canada,NASDAQ,Common Stock
BIV,Vanguard Intermediate Term Bond ETF,ARCA,ETF
BIVI,Biovie Inc,NASDAQ,Common Stock
BJ,Bjs Wholesale Club Holdings,NYSE,Common Stock
BJDX,Bluejay Diagnostics Inc,NASDAQ,Common Stock
BJRI,BJ's Restaurants Inc,NASDAQ,Common Stock
BK,Bank of New York Mellon Corp,NYSE,Common Stock
BKCH,Global X Blockchain ETF,NASDAQ,ETF
BKD,Brookdale Senior Living Inc,NYSE,Common Stock
BKE,The Buckle Inc,NYSE,Common Stock
BKH,Black Hills Corp,NYSE,Common Stock
BKHA,Black Hawk Acquisition Corp,NASDAQ,Common Stock
BKKT,Bakkt Inc,NYSE,Common Stock
BKLN,Invesco Senior Loan Etf,ARCA,ETF
BKNG,Booking Holdings Inc,NASDAQ,Common Stock
BKR,Baker Hughes Co,NASDAQ,Common Stock
BKSY,Blacksky Technology Inc,NYSE,Common Stock
BKTI,Bk Technologies Corp,NYSE Market,Common Stock
BKU,BankUnited Inc,NYSE,Common Stock
BKV,BKV Corp,NYSE,Common Stock
BKYI,Biokey International Inc,NASDAQ,Common Stock
BL,Blackline Inc,NASDAQ,Common Stock
BLBD,Blue Bird Corp,NASDAQ,Common Stock
BLBX,Blackboxstocks Inc,NASDAQ,Common Stock
BLD,Topbuild Corp,NYSE,Common Stock
BLDP,Ballard Power Systems Inc,NASDAQ,Common Stock
BLDR,Builders FirstSource Inc,NYSE,Common Stock
BLFS,Biolife Solutions Inc,NASDAQ,Common Stock
BLFY,Blue Foundry Bancorp,NASDAQ,Common Stock
BLIN,Bridgeline Digital Inc,NASDAQ,Common Stock
BLIV,Belive Holdings,NASDAQ,Common Stock
BLK,BlackRock Funding Inc,NYSE,Common Stock
BLKB,Blackbaud Inc,NASDAQ,Common Stock
BLLN,Billiontoone Inc,NASDAQ,Common Stock
BLMN,Bloomin' Brands Inc,NASDAQ,Common Stock
BLND,Blend Labs Inc A,NYSE,Common Stock
BLNE,Beeline Holdings Inc,NASDAQ CAP,Common Stock
BLNK,Blink Charging Co,NASDAQ,Common Stock
BLSH,Bullish,NYSE,Common Stock
BLTE,Belite Bio Inc - Adr,NASDAQ,ADR
BLV,Vanguard Long-Term Bond ETF,ARCA,ETF
BLX,Banco Latinoamericano,NYSE,Common Stock
BLZE,Backblaze Inc A,NASDAQ,Common Stock
BMA,Banco Macro Sa Adr,NYSE,ADR
BMAX,REX Bitcoin Corporate Treasury Convertible Bond ETF,NASDAQ,ETF
BMBL,Bumble Inca,NASDAQ,Common Stock
BMEA,Biomea Fusion Inc,NASDAQ,Common Stock
BMGL,Basel Medical Group Ltd,NASDAQ,Common Stock
BMHL,Bluemount Holdings Ltd,NASDAQ,Common Stock
BMI,Badger Meter Inc,NYSE,Common Stock
BMNR,Bitmine Immersion Technologies Inc,NYSE Market,Common Stock
BMNU,T-REX 2x Long BMNR Daily Target ETF,Cboe,ETF
BMO,Bank of Montreal,NYSE,Common Stock
BMRA,Biomerica Inc,NASDAQ,Common Stock
BMRC,Bank of Marin Bancorp/Ca,NASDAQ,Common Stock
BMRN,Biomarin Pharmaceutical Inc,NASDAQ,Common Stock
BMY,Bristol-Myers SQUIBB Co,NYSE,Common Stock
BN,Brookfield Corporation,NYSE,Common Stock
BNAI,Brand Engagement Network Inc,NASDAQ CAP,Common Stock
BNBX,BNB Plus Corp,NASDAQ CAP,Common Stock
BNC,CEA Industries Inc. Common Stock,NASDAQ CAP,Common Stock
BND,Vanguard Total Bond Market ETF,NASDAQ,ETF
BNDX,Vanguard Total International Bond ETF,NASDAQ,ETF
BNED,Barnes & Noble Education Inc,NYSE,Common Stock
BNGO,Bionano Genomics Inc,NASDAQ,Common Stock
BNKK,Bonk Inc,NASDAQ CAP,Common Stock
BNR,Burning Rock Biotech Ltd Adr,NASDAQ,ADR
BNS,The Bank of Nova Scotia,NYSE,Common Stock
BNTC,Benitec Biopharma Inc,NASDAQ,Common Stock
BNTX,Biontech Se,NASDAQ,ADR
BNZI,Banzai International Inc,NASDAQ,Common Stock
BOBS,Bob's Discount Furniture Inc,NYSE,Common Stock
BOC,Boston Omaha Corp,NYSE,Common Stock
BODI,Beachbody Co Inc,NASDAQ,Common Stock
BOED,Direxion Daily BA Bear 1X Shares,NASDAQ,ETF
BOEU,Direxion Daily BA Bull 2X Shares,NASDAQ,ETF
BOF,BranchOut Food Inc,NASDAQ,Common Stock
BOH,Bank of Hawaii Corp,NYSE,Common Stock
BOKF,BOK Financial Corporation,NASDAQ,Common Stock
BOLD,Boundless Bio Inc,NASDAQ,Common Stock
BOLT,Bolt Biotherapeutics Inc,NASDAQ CAP,Common Stock
BON,Bon Natural Life Ltd,NASDAQ,Common Stock
BOOM,DMC Global Inc,NASDAQ,Common Stock
BOOT,Boot Barn Holdings Inc,NYSE,Common Stock
BOSC,Bos Better On Line Solutions,NASDAQ,Common Stock
BOTJ,Bank Of The James Financial,NASDAQ,Common Stock
BOTZ,GlobalX Robotics & Artificial Intelligence ETF,NASDAQ,ETF
BOW,Bowhead Specialty Holdings Inc,NYSE,Common Stock
BOX,Box Inc - Class A,NYSE,Common Stock
BOXL,Boxlight Corp Class A,NASDAQ,Common Stock
BP,BP plc ADR,NYSE,ADR
BPOP,Popular Inc,NASDAQ,Common Stock
BPRN,Princeton Bancorp Inc,NASDAQ,Common Stock
BR,Broadridge Financial Solutio,NYSE,Common Stock
BRBR,BellRing Brands Inc.,NYSE,Common Stock
BRBS,Blue Ridge Bankshares Inc,NYSE Market,Common Stock
BRC,Brady Corporation - Cl A,NYSE,Common Stock
BRCB,Black Rock Coffee Bar Inc,NASDAQ,Common Stock
BRCC,Brc Inc A,NYSE,Common Stock
BRF,VanEck Brazil Small-Cap ETF,ARCA,ETF
BRFH,Barfresh Food Group Inc,NASDAQ,Common Stock
BRIA,Brillia Inc,NYSE Market,Common Stock
BRID,Bridgford Foods Corp,NASDAQ,Common Stock
BRK.B,Berkshire Hathaway Inc-Cl B,NYSE,Common Stock
BRKD,Direxion Daily BRKB Bear 1X Shares,NASDAQ,ETF
BRKR,Bruker Corp,NASDAQ,Common Stock
BRKU,Direxion Daily BRKB Bull 2X Shares,NASDAQ,ETF
BRLS,Borealis Foods Inc Class A Common Shares,NASDAQ CAP,Common Stock
BRLT,Brilliant Earth Group Inc A,NASDAQ,Common Stock
BRN,Barnwell Industries Inc,NYSE Market,Common Stock
BRNS,Barinthus Biotherapeutics Plc,NASDAQ,ADR
BRO,Brown & Brown Inc,NYSE,Common Stock
BROS,Dutch Bros Inc Class A,NYSE,Common Stock
BRSL,Brightstar Lottery PLC,NYSE,Common Stock
BRTX,Biorestorative Therapies Inc,NASDAQ,Common Stock
BRZE,Braze Inc A,NASDAQ,Common Stock
BRZU,Direxion Daily MSCI Brazil Bull 2X Shares,ARCA,ETF
BSAC,Banco Santander Chile,NYSE,ADR
BSBK,Bogota Financial Corp,NASDAQ,Common Stock
BSBR,Banco Santander Brasil Ads,NYSE,ADR
BSET,Bassett Furniture Inds,NASDAQ,Common Stock
BSRR,Sierra Bancorp,NASDAQ,Common Stock
BSV,Vanguard Short-Term Bond ETF,ARCA,ETF
BSVN,Bank7 Corp,NASDAQ,Common Stock
BSX,Boston Scientific Corp,NYSE,Common Stock
BSY,Bentley Systems Inc Class B,NASDAQ,Common Stock
BTAI,Bioxcel Therapeutics Inc,NASDAQ,Common Stock
BTBT,Bit Digital Inc,NASDAQ,Common Stock
BTCS,Btcs Inc,NASDAQ,Common Stock
BTCT,BTC Digital Ltd,NASDAQ CAP,Common Stock
BTDR,Bitdeer Technologies Group,NASDAQ,Common Stock
BTE,Baytex Energy Corp,NYSE,Common Stock
BTG,B2Gold Corp,NYSE American,Common Stock
BTGO,Bitgo Holdings Inc,NYSE,Common Stock
BTI,British American Tobacco plc ADR,NYSE,ADR
BTM,Bitcoin Depot Inc,NASDAQ,Common Stock
BTMD,Biote Corp,NASDAQ,Common Stock
BTOC,Armlogi Holding Corp,NASDAQ,Common Stock
BTSG,Brightspring Health Services Inc,NASDAQ,Common Stock
BTTC,Black Titan Corporation ,NASDAQ CAP,Common Stock
BTU,Peabody Energy Corp,NYSE,Common Stock
BUD,Anheuser-Busch InBev ADR,NYSE,ADR
BUDA,Buda Juice Inc,NYSE Market,Common Stock
BUFD,Ft Vest Laddered Deep Buffer ETF,Cboe,ETF
BUFR,FT Vest Laddered Buffer ETF,Cboe,ETF
BUG,Global X Cybersecurity ETF,NASDAQ,ETF
BULU,T-REX 2X Long BULL Daily Target ETF,Cboe,ETF
BULX,GraniteShares 2x Long BULL Daily ETF,NASDAQ,ETF
BUR,Burford Capital Ltd,NYSE,Common Stock
BURL,Burlington Stores Inc,NYSE,Common Stock
BUSE,First Busey Corp,NASDAQ,Common Stock
BV,Brightview Holdings Inc,NYSE,Common Stock
BVFL,BV Financial Inc,NASDAQ,Common Stock
BVN,Cia De Minas Buenaventur Adr,NYSE,ADR
BVS,Bioventus Inc A,NASDAQ,Common Stock
BW,Babcock And Wilcox Enterpr,NYSE,Common Stock
BWA,Borgwarner Inc,NYSE,Common Stock
BWAY,Brainsway Ltd Adr,NASDAQ,ADR
BWB,Bridgewater Bancshares Inc,NASDAQ,Common Stock
BWEN,Broadwind Inc. Common Stock,NASDAQ,Common Stock
BWFG,Bankwell Financial Group Inc,NASDAQ,Common Stock
BWIN,Baldwin Insurance Group Inc/The,NASDAQ,Common Stock
BWLP,Bw Lpg Ltd,NYSE,Common Stock
BWMN,Bowman Consulting Group Ltd,NASDAQ,Common Stock
BWMX,Betterware de Mexico SAPI de C,NYSE,Common Stock
BWX,SPDR Bloomberg International Treasury Bond ETF,ARCA,ETF
BWXT,BWX Technologies Inc,NYSE,Common Stock
BX,Blackstone Inc,NYSE,Common Stock
BXC,Bluelinx Holdings Inc,NYSE,Common Stock
BY,Byline Bancorp Inc,NYSE,Common Stock
BYD,Boyd Gaming Corp,NYSE,Common Stock
BYFC,Broadway Financial Corp,NASDAQ,Common Stock
BYND,Beyond Meat Inc,NASDAQ,Common Stock
BYRN,Byrna Technologies Inc,NASDAQ,Common Stock
BYSI,Beyondspring Inc,NASDAQ,Common Stock
BZ,Kanzhun Ltd Adr,NASDAQ,ADR
BZAI,Blaize Holdings Inc,NASDAQ,Common Stock
BZFD,Buzzfeed Inc,NASDAQ CAP,Common Stock
BZH,Beazer Homes USA Inc,NYSE,Common Stock
BZUN,Baozun Inc Adr,NASDAQ,ADR
C,Citigroup Inc,NYSE,Common Stock
CAAP,Corp America Airports Sa,NYSE,Common Stock
CAAS,China Automotive Systems Inc,NASDAQ,Common Stock
CABA,Cabaletta Bio Inc,NASDAQ,Common Stock
CABO,Cable One Inc,NYSE,Common Stock
CAC,Camden National Corp,NASDAQ,Common Stock
CACC,Credit Acceptance Corp,NASDAQ,Common Stock
CACI,Caci International Inc -Cl A,NYSE,Common Stock
CADL,Candel Therapeutics Inc,NASDAQ,Common Stock
CAE,Cae Inc,NYSE,Common Stock
CAEP,Cantor Equity Partners III Inc,NASDAQ,Common Stock
CAG,Conagra Brands Inc.,NYSE,Common Stock
CAH,Cardinal Health Inc,NYSE,Common Stock
CAI,Caris Life Sciences Inc,NASDAQ,Common Stock
CAKE,The Cheesecake Factory Incorporated,NASDAQ,Common Stock
CAL,Caleres Inc.,NYSE,Common Stock
CALM,Cal-Maine Foods Inc,NASDAQ,Common Stock
CALX,Calix Inc,NYSE,Common Stock
CALY,Callaway Golf Company,NYSE,Common Stock
CAMP,Camp4 Therapeutics Corp,NASDAQ,Common Stock
CAMT,Camtek Ltd,NASDAQ,Common Stock
CAN,Canaan Inc,NASDAQ,ADR
CANG,Cango Inc Ky Adr,NYSE,ADR
CAPN,Cayson Acquisition Corp,NASDAQ,Common Stock
CAPR,Capricor Therapeutics Inc,NASDAQ,Common Stock
CAR,Avis Budget Group Inc,NASDAQ,Common Stock
CARE,Carter Bankshares Inc,NASDAQ,Common Stock
CARG,Cargurus Inc,NASDAQ,Common Stock
CARL,Carlsmed Inc,NASDAQ,Common Stock
CARR,Carrier Global Corp,NYSE,Common Stock
CARS,Cars Com Inc,NYSE,Common Stock
CART,Maplebear Inc,NASDAQ,Common Stock
CASH,Pathward Financial Inc,NASDAQ,Common Stock
CASI,CASI Pharmaceuticals Inc,NASDAQ,Common Stock
CASS,Cass Information Systems Inc,NASDAQ,Common Stock
CASY,Casey's General Stores Inc,NASDAQ,Common Stock
CAT,Caterpillar Inc,NYSE,Common Stock
CATO,Cato Corp-Class A,NYSE,Common Stock
CATX,Perspective Therapeutics Inc,NYSE Market,Common Stock
CATY,Cathay General Bancorp,NASDAQ,Common Stock
CAVA,Cava Group Inc,NYSE,Common Stock
CB,Chubb Corp,NYSE,Common Stock
CBAN,Colony Bankcorp,NYSE,Common Stock
CBAT,Cbak Energy Technology Inc,NASDAQ,Common Stock
CBC,Central BanCo Inc,NASDAQ,Common Stock
CBFV,Cb Financial Services Inc,NASDAQ,Common Stock
CBIO,Crescent Biopharma Inc,NASDAQ CAP,Common Stock
CBK,Commercial Bancgroup Inc,NASDAQ,Common Stock
CBLL,Ceribell Inc,NASDAQ,Common Stock
CBNA,Chain Bridge Bancorp Inc,NYSE,Common Stock
CBNK,Capital Bancorp Inc,NASDAQ,Common Stock
CBOE,Cboe Global Markets Inc.,Cboe,Common Stock
CBRE,CBRE Group Inc,NYSE,Common Stock
CBRL,Cracker Barrel Old Country,NASDAQ,Common Stock
CBSH,Commerce Bancshares Inc,NASDAQ,Common Stock
CBT,Cabot Corp,NYSE,Common Stock
CBU,Community Financial System Inc,NYSE,Common Stock
CBUS,Cibus Inc Class A Common Stock,NASDAQ,Common Stock
CBZ,Cbiz Inc,NYSE,Common Stock
CC,Chemours Co,NYSE,Common Stock
CCB,Coastal Financial Corp Wa,NASDAQ,Common Stock
CCBG,Capital City Bank Group Inc,NASDAQ,Common Stock
CCC,CCC Intelligent Solutions Hold,NASDAQ,Common Stock
CCCC,C4 Therapeutics Inc,NASDAQ,Common Stock
CCEF,Calamos CEF Income & Arbitrage ETF,ARCA,ETF
CCEL,Cryo Cell Intl Inc,NYSE American,Common Stock
CCEP,Coca-Cola Europacific Partners,NASDAQ,Common Stock
CCHH,CCH Holdings Ltd,NASDAQ,Common Stock
CCIX,Churchill Capital Corp IX,NASDAQ,Common Stock
CCJ,Cameco Corporation,NYSE,Common Stock
CCK,Crown Holdings Inc,NYSE,Common Stock
CCL,Carnival Corp,NYSE,Common Stock
CCLD,CareCloud Inc,NASDAQ,Common Stock
CCNE,CNB Financial Corp/Pa,NASDAQ,Common Stock
CCO,Clear Channel Outdoor Holdin,NYSE,Common Stock
CCOI,Cogent Communications Group,NASDAQ,Common Stock
CCRN,Cross Country Healthcare Inc,NASDAQ,Common Stock
CCS,Century Communities Inc,NYSE,Common Stock
CCSI,Consensus Cloud Solution,NASDAQ,Common Stock
CCU,Cia Cervecerias Uni Spon Adr,NYSE,ADR
CCUP,T-REX 2x Long CRCL Daily Target ETF,Cboe,ETF
CDE,Coeur Mining Inc,NYSE,Common Stock
CDIO,Cardio Diagnostics Holdings,NASDAQ,Common Stock
CDLX,Cardlytics Inc,NASDAQ,Common Stock
CDNA,Caredx Inc,NASDAQ,Common Stock
CDNL,Cardinal Infrastructure Group Inc,NASDAQ,Common Stock
CDNS,Cadence Design Sys Inc,NASDAQ,Common Stock
CDRE,Cadre Holdings Inc,NYSE,Common Stock
CDT,CDT Equity Inc,NASDAQ,Common Stock
CDW,CDW Corp/De,NASDAQ,Common Stock
CDXS,Codexis Inc,NASDAQ,Common Stock
CDZI,Cadiz Inc,NASDAQ,Common Stock
CE,Celanese Corp-Series A,NYSE,Common Stock
CECO,CECO Environmental Corp. Common Stock,NASDAQ,Common Stock
CEG,Constellation Energy Corp,NASDAQ,Common Stock
CELC,Celcuity Inc,NASDAQ,Common Stock
CELH,Celsius Holdings Inc,NASDAQ,Common Stock
CELU,Celularity Inc,NASDAQ,Common Stock
CELZ,Creative Medical Technology,NASDAQ,Common Stock
CENN,Cenntro Inc. Common Stock,NASDAQ,Common Stock
CENT,Central Garden And Pet Co,NASDAQ,Common Stock
CENTA,Central Garden And Pet Co A,NASDAQ,Common Stock
CENX,Century Aluminum Company,NASDAQ,Common Stock
CEPF,Cantor Equity Partners IV Inc,NASDAQ,Common Stock
CEPI,REX Crypto Equity Premium Income ETF,NASDAQ,ETF
CEPO,Cantor Equity Partners I Inc,NASDAQ,Common Stock
CEPT,Cantor Equity Partners II Inc,NASDAQ,Common Stock
CEPU,Central Puerto Sponsored Adr,NYSE,ADR
CEPV,Cantor Equity Partners V Inc,NASDAQ,Common Stock
CERS,Cerus Corp,NASDAQ,Common Stock
CERT,Certara Inc,NASDAQ,Common Stock
CETX,Cemtrex Inc,NASDAQ,Common Stock
CEVA,CEVA Inc,NASDAQ,Common Stock
CF,CF Industries Holdings Inc,NYSE,Common Stock
CFBK,Cf Bankshares Inc,NASDAQ,Common Stock
CFFI,C&F Financial Corp,NASDAQ,Common Stock
CFFN,Capitol Federal Financial In,NASDAQ,Common Stock
CFG,Citizens Financial Group,NYSE,Common Stock
CFLT,Confluent Inc,NASDAQ,Common Stock
CFR,Cullen/Frost Bankers Inc,NYSE,Common Stock
CG,Carlyle Group Inc,NASDAQ,Common Stock
CGAU,Centerra Gold Inc,NYSE,Common Stock
CGC,Canopy Growth Corp,NASDAQ,Common Stock
CGEM,Cullinan Therapeutics Inc,NASDAQ,Common Stock
CGEN,Compugen Ltd,NASDAQ,Common Stock
CGNT,Cognyte Software Ltd,NASDAQ,Common Stock
CGNX,Cognex Corp,NASDAQ,Common Stock
CGON,Cg Oncology Inc,NASDAQ,Common Stock
CGTL,Creative Global Technology Holdings Ltd,NASDAQ,Common Stock
CGTX,Cognition Therapeutics Inc,NASDAQ,Common Stock
CHAI,Core AI Holdings Inc,NASDAQ CAP,Common Stock
CHAR,Charlton Aria Acquisition Corp,NASDAQ,Common Stock
CHAU,Direxion Daily CSI 300 China A Share Bull 2X Shares,ARCA,ETF
CHCI,Comstock Holding Companies,NASDAQ,Common Stock
CHCO,City Holding Co,NASDAQ,Common Stock
CHD,Church & Dwight Co Inc,NYSE,Common Stock
CHDN,Churchill Downs Inc,NASDAQ,Common Stock
CHE,Chemed Corp,NYSE,Common Stock
CHEF,The Chefs' Warehouse Inc,NASDAQ,Common Stock
CHGG,Chegg Inc,NYSE,Common Stock
CHH,Choice Hotels Intl Inc,NYSE,Common Stock
CHKP,Check Point Software Tech,NASDAQ,Common Stock
CHMG,Chemung Financial Corp,NASDAQ,Common Stock
CHOW,ChowChow Cloud International Holdings Ltd,NYSE Market,Common Stock
CHPT,Chargepoint Holdings Inc,NYSE,Common Stock
CHRD,Chord Energy Corporation Common Stock,NASDAQ,Common Stock
CHRS,Coherus Oncology Inc,NASDAQ,Common Stock
CHRW,C.H. Robinson Worldwide Inc,NASDAQ,Common Stock
CHT,Chunghwa Telecom Lt Spon Adr,NYSE,ADR
CHTR,Charter Communication-A,NASDAQ,Common Stock
CHWY,Chewy Inc Class A,NYSE,Common Stock
CHYM,Chime Financial Inc,NASDAQ,Common Stock
CI,Cigna Group/The,NYSE,Common Stock
CIA,Citizens Inc,NYSE,Common Stock
CIB,Grupo Cibest SA,NYSE,ADR
CIBR,First Trust Nasdaq Cybersecurity ETF,NASDAQ,ETF
CIEN,Ciena Corp,NYSE,Common Stock
CIFR,Cipher Mining Inc,NASDAQ,Common Stock
CIG,Cemig Sa -Spons Adr,NYSE,ADR
CIGL,Concorde International Group Ltd,NASDAQ,Common Stock
CINF,Cincinnati Financial Corp,NASDAQ,Common Stock
CING,Cingulate Inc,NASDAQ,Common Stock
CINT,Ci And T Inc United States A,NYSE,Common Stock
CISO,CISO Global Inc,NASDAQ CAP,Common Stock
CIVB,Civista Bancshares Inc,NASDAQ,Common Stock
CIX,Compx International Inc,NYSE American,Common Stock
CJMB,Callan JMB Inc,NASDAQ,Common Stock
CKX,Ckx Lands Inc,NYSE Market,Common Stock
CL,Colgate-Palmolive Co,NYSE,Common Stock
CLAR,Clarus Corporation,NASDAQ,Common Stock
CLB,Core Laboratories Inc,NYSE,Common Stock
CLBK,Columbia Financial Inc,NASDAQ,Common Stock
CLBT,Cellebrite Di Ltd,NASDAQ,Common Stock
CLDX,Celldex Therapeutics Inc,NASDAQ,Common Stock
CLF,Cleveland Cliffs Inc,NYSE,Common Stock
CLFD,Clearfield Inc,NASDAQ,Common Stock
CLGN,Collplant Biotechnologies Lt,NASDAQ,Common Stock
CLH,Clean Harbors Inc,NYSE,Common Stock
CLIP,Global X 1-3 Month T-Bill ETF,ARCA,ETF
CLIR,ClearSign Technologies Corp,NASDAQ,Common Stock
CLMB,Climb Global Solutions Inc. Common Stock,NASDAQ,Common Stock
CLMT,Calumet Inc,NASDAQ,Common Stock
CLNE,Clean Energy Fuels Corp,NASDAQ,Common Stock
CLNN,Clene Inc,NASDAQ,Common Stock
CLOU,Global X Cloud Computing ETF,NASDAQ,ETF
CLOV,Clover Health Investments Co,NASDAQ,Common Stock
CLPS,Clps Inc,NASDAQ,Common Stock
CLPT,Clearpoint Neuro Inc,NASDAQ,Common Stock
CLRB,Cellectar Biosciences Inc,NASDAQ,Common Stock
CLRO,Clearone Inc,NASDAQ,Common Stock
CLS,Celestica Inc,NYSE,Common Stock
CLSK,Cleanspark Inc,NASDAQ,Common Stock
CLST,Catalyst Bancorp Inc,NASDAQ,Common Stock
CLVT,Clarivate Plc,NYSE,Common Stock
CLW,Clearwater Paper Corp,NYSE,Common Stock
CLX,Clorox Company,NYSE,Common Stock
CLYM,Climb Bio Inc,NASDAQ,Common Stock
CM,Canadian Imperial Bank of Commerce,NYSE,Common Stock
CMBM,Cambium Networks Corp,NASDAQ,Common Stock
CMBT,CMB Tech NV,NYSE,Common Stock
CMC,Commercial Metals Co,NYSE,Common Stock
CMCL,Caledonia Mining Corp Plc,NYSE Market,Common Stock
CMCM,Cheetah Mobile Inc - Adr,NYSE,ADR
CMCO,Columbus Mckinnon Corp/Ny,NASDAQ,Common Stock
CMCSA,Comcast Corp-Class A,NASDAQ,Common Stock
CMDB,Costamare Bulkers Holdings Ltd,NYSE,Common Stock
CME,CME Group Inc,NASDAQ,Common Stock
CMG,Chipotle Mexican Grill Inc,NYSE,Common Stock
CMI,Cummins Inc,NYSE,Common Stock
CMMB,Chemomab Therapeutics Ltd,NASDAQ,ADR
CMP,Compass Minerals Internation,NYSE,Common Stock
CMPR,Cimpress Plc,NASDAQ,Common Stock
CMPS,Compass Pathways Plc,NASDAQ,ADR
CMPX,Compass Therapeutics Inc,NASDAQ,Common Stock
CMRC,Commerce.com Inc Series 1,NASDAQ,Common Stock
CMRE,Costamare Inc,NYSE,Common Stock
CMS,CMS Energy Corp,NYSE,Common Stock
CMT,Core Molding Technologies Inc,NYSE American,Common Stock
CMTL,Comtech Telecommunications,NASDAQ,Common Stock
CNA,CNA Financial Corp,NYSE,Common Stock
CNC,Centene Corp,NYSE,Common Stock
CNCK,Coincheck Group N.V,NASDAQ,Common Stock
CNDT,Conduent Inc,NASDAQ,Common Stock
CNET,ZW Data Action Technologies Inc. Common Stock,NASDAQ,Common Stock
CNF,Cnfinance Holdings Ltd,NYSE,ADR
CNH,CNH Industrial NV,NYSE,Common Stock
CNI,Canadian Natl Railway Co,NYSE,Common Stock
CNK,Cinemark Holdings Inc,NYSE,Common Stock
CNM,Core And Main Inc Class A,NYSE,Common Stock
CNMD,Conmed Corp,NYSE,Common Stock
CNNE,Cannae Holdings Inc,NYSE,Common Stock
CNO,CNO Financial Group Inc,NYSE,Common Stock
CNOB,Center Bancorp Inc,NASDAQ,Common Stock
CNP,Centerpoint Energy Inc,NYSE,Common Stock
CNQ,Canadian Natural Resources,NYSE,Common Stock
CNR,Core Natural Resources Inc,NYSE,Common Stock
CNRG,State Street SPDR S&P Kensho Clean Power ETF,ARCA,ETF
CNS,Cohen & Steers Inc,NYSE,Common Stock
CNSP,CNS Pharmaceuticals Inc. Common Stock,NASDAQ,Common Stock
CNTA,Centessa Pharmaceuticals Adr,NASDAQ,ADR
CNTB,Connect Biopharma Holdings Adr,NASDAQ,ADR
CNTX,Context Therapeutics Inc,NASDAQ,Common Stock
CNTY,Century Casinos Inc,NASDAQ,Common Stock
CNVS,Cineverse Corp,NASDAQ,Common Stock
CNX,Consol Energy Inc,NYSE,Common Stock
CNXC,Concentrix Corporation ,NASDAQ,Common Stock
CNXN,PC Connection Inc,NASDAQ,Common Stock
CNXT,VanEck ChiNext ETF,ARCA,ETF
COCO,Vita Coco Co Inc,NASDAQ,Common Stock
CODA,Coda Octopus Group Inc,NASDAQ,Common Stock
CODI,Compass Diversified Holdings,NYSE,Common Stock
COEP,Coeptis Therapeutics Holding,NASDAQ,Common Stock
COF,Capital One Financial Corp,NYSE,Common Stock
COFS,Choiceone Financial Svcs Inc,NASDAQ,Common Stock
COGT,Cogent Biosciences Inc. Common Stock,NASDAQ,Common Stock
COHN,Cohen & Co Inc,NYSE Market,Common Stock
COHR,Coherent Corp,NYSE,Common Stock
COHU,Cohu Inc,NASDAQ,Common Stock
COII,REX COIN Growth & Income ETF,Cboe,ETF
COIN,Coinbase Global Inc Class A,NASDAQ,Common Stock
COIW,Roundhill COIN WeeklyPay ETF,Cboe,ETF
COKE,Coca-Cola Consolidated Inc. Common Stock,NASDAQ,Common Stock
COLB,Columbia Banking System Inc,NASDAQ,Common Stock
COLL,Collegium Pharmaceutical Inc,NASDAQ,Common Stock
COLM,Columbia Sportswear Co,NASDAQ,Common Stock
COM,Direxion Auspice Broad Commodity Strategy ETF,ARCA,ETF
COMP,Compass Inc Class A,NYSE,Common Stock
CON,Concentra Group Holdings Parent Inc,NYSE,Common Stock
CONI,GraniteShares 2x Short COIN Daily ETF,NASDAQ ,ETF
CONL,GraniteShares 2x Long COIN Daily ETF,NASDAQ,ETF
CONY,YieldMax COIN Option Income Strategy ETF,ARCA,ETF
COO,The Cooper Companies Inc,NASDAQ,Common Stock
COOK,Traeger Inc,NYSE,Common Stock
COOT,Australian Oilseeds Holdings Ltd,NASDAQ,Common Stock
COP,ConocoPhillips,NYSE,Common Stock
COPX,Global X Copper Miners ETF,ARCA,ETF
COR,Cencora Inc,NYSE,Common Stock
CORT,Corcept Therapeutics Inc,NASDAQ,Common Stock
CORZ,Core Scientific Inc,NASDAQ,Common Stock
COSM,Cosmos Health Inc,NASDAQ,Common Stock
COSO,Coastalsouth Bancshares Inc,NYSE,Common Stock
COST,Costco Wholesale Corp,NASDAQ,Common Stock
COTY,Coty Inc-Cl A,NYSE,Common Stock
COUR,Coursera Inc,NYSE,Common Stock
COYA,Coya Therapeutics Inc,NASDAQ,Common Stock
COYY,GraniteShares YieldBOOST COIN ETF,NASDAQ,ETF
CP,Canadian Pacific Railway Ltd,NYSE,Common Stock
CPA,Copa Holdings Sa-Class A,NYSE,Common Stock
CPAC,Cementos Pacasmayo Saa Adr,NYSE,ADR
CPAY,Corpay Inc,NYSE,Common Stock
CPB,The Campbell's Company,NASDAQ,Common Stock
CPBI,Central Plains Bancshares Inc,NASDAQ,Common Stock
CPF,Central Pacific Financial Co,NYSE,Common Stock
CPHC,Canterbury Park Holding Corp,NASDAQ,Common Stock
CPIX,Cumberland Pharmaceuticals,NASDAQ,Common Stock
CPK,Chesapeake Utilities Corp,NYSE,Common Stock
CPNG,Coupang Llc A,NYSE,Common Stock
CPRI,Capri Holdings Ltd,NYSE,Common Stock
CPRT,Copart Inc,NASDAQ,Common Stock
CPRX,Catalyst Pharmaceutical Inc,NASDAQ,Common Stock
CPS,Cooper-Standard Holding,NYSE,Common Stock
CPSH,Cps Technologies Corp,NASDAQ,Common Stock
CPSL,Calamos Laddered S&P 500 Structured Alt Protection ETF,Cboe,ETF
CPSS,Consumer Portfolio Services,NASDAQ,Common Stock
CPSY,Calamos S&P 500 Structured Alt Protection ETF January,ARCA,ETF
CR,Crane Co,NYSE,Common Stock
CRAI,CRA International Inc,NASDAQ,Common Stock
CRBG,Corebridge Financial Inc,NYSE,Common Stock
CRBP,Corbus Pharmaceuticals Holdi,NASDAQ,Common Stock
CRBU,Caribou Biosciences Inc,NASDAQ,Common Stock
CRC,California Resources Corp,NYSE,Common Stock
CRCG,Leverage Shares 2X Long CRCL Daily ETF,NASDAQ,ETF
CRCL,Circle Internet Group Inc,NYSE,Common Stock
CRCT,Cricut Inc Class A,NASDAQ,Common Stock
CRDF,Cardiff Oncology Inc. Common Stock,NASDAQ,Common Stock
CRDO,Credo Technology Group Holdi,NASDAQ,Common Stock
CRE,Cre8 Enterprise Ltd,NASDAQ,Common Stock
CREG,Smart Powerr Corp. Common Stock,NASDAQ,Common Stock
CRESY,Cresud Sacif Y A,NASDAQ,ADR
CREX,Creative Realities Inc,NASDAQ,Common Stock
CRGY,Crescent Energy Inc,NYSE,Common Stock
CRH,CRH plc,NYSE,Common Stock
CRI,Carter's Inc,NYSE,Common Stock
CRIS,Curis Inc,NASDAQ CAP,Common Stock
CRK,Comstock Resources Inc,NYSE,Common Stock
CRL,Charles River Laboratories,NYSE,Common Stock
CRM,Salesforce Inc,NYSE,Common Stock
CRMD,Cormedix Inc,NASDAQ,Common Stock
CRML,Critical Metals Corp,NASDAQ,Common Stock
CRMT,America's Car-Mart Inc,NASDAQ,Common Stock
CRNC,Cerence Inc,NASDAQ,Common Stock
CRNT,Ceragon Networks Ltd,NASDAQ,Common Stock
CRNX,Crinetics Pharmaceuticals In,NASDAQ,Common Stock
CRON,Cronos Group Inc,NASDAQ,Common Stock
CROX,Crocs Inc,NASDAQ,Common Stock
CRS,Carpenter Technology,NYSE,Common Stock
CRSP,Crispr Therapeutics Ag,NASDAQ,Common Stock
CRSR,Corsair Gaming Inc,NASDAQ,Common Stock
CRUS,Cirrus Logic Inc,NASDAQ,Common Stock
CRVL,Corvel Corp,NASDAQ,Common Stock
CRVO,CervoMed Inc Common Stock,NASDAQ CAP,Common Stock
CRVS,Corvus Pharmaceuticals Inc,NASDAQ,Common Stock
CRWD,Crowdstrike Holdings Inc A,NASDAQ,Common Stock
CRWG,Leverage Shares 2X Long CRWV Daily ETF,NASDAQ,ETF
CRWL,GraniteShares 2x Long CRWD Daily ETF,NASDAQ,ETF
CRWS,Crown Crafts Inc,NASDAQ,Common Stock
CRWU,T-REX 2x Long CRWV Daily Target ETF,Cboe,ETF
CRWV,Coreweave Inc,NASDAQ,Common Stock
CSAI,Cloudastructure Inc,NASDAQ,Common Stock
CSAN,Cosan Sa Adr,NYSE,ADR
CSBR,Champions Oncology Inc,NASDAQ,Common Stock
CSCO,Cisco Systems Inc,NASDAQ,Common Stock
CSGP,Costar Group Inc,NASDAQ,Common Stock
CSGS,CSG Systems Intl Inc,NASDAQ,Common Stock
CSIQ,Canadian Solar Inc,NASDAQ,Common Stock
CSL,Carlisle Cos Inc,NYSE,Common Stock
CSPI,Csp Inc,NASDAQ,Common Stock
CSTE,Caesarstone Ltd,NASDAQ,Common Stock
CSTL,Castle Biosciences Inc,NASDAQ,Common Stock
CSV,Carriage Services Inc,NYSE,Common Stock
CSW,CSW Industrials Inc,NYSE,Common Stock
CSX,CSX Corp,NASDAQ,Common Stock
CTAS,Cintas Corp,NASDAQ,Common Stock
CTBI,Community Trust Bancorp Inc,NASDAQ,Common Stock
CTEC,Global X Cleantech ETF,NASDAQ,ETF
CTEV,Multiplan Corp,NYSE,Common Stock
CTGO,Contango Ore Inc,NYSE Market,Common Stock
CTKB,Cytek Biosciences Inc,NASDAQ,Common Stock
CTLP,Cantaloupe Inc,NASDAQ,Common Stock
CTMX,Cytomx Therapeutics Inc,NASDAQ,Common Stock
CTNM,Contineum Therapeutics Inc,NASDAQ,Common Stock
CTNT,Cheetah Net Supply Chain Service Inc,NASDAQ,Common Stock
CTOR,Citius Oncology Inc,NASDAQ,Common Stock
CTOS,Custom Truck One Source Inc,NYSE,Common Stock
CTRA,Coterra Energy Inc,NYSE,Common Stock
CTRI,Centuri Holdings Inc,NYSE,Common Stock
CTRM,Castor Maritime Inc,NASDAQ,Common Stock
CTRN,Citi Trends Inc,NASDAQ,Common Stock
CTS,CTS Corp,NYSE,Common Stock
CTSH,Cognizant Tech Solutions-A,NASDAQ,Common Stock
CTSO,Cytosorbents Corp,NASDAQ,Common Stock
CTVA,Corteva Inc,NYSE,Common Stock
CTXR,Citius Pharmaceuticals Inc,NASDAQ,Common Stock
CUB,Lionheart Holdings,NASDAQ,Common Stock
CUBI,Customers Bancorp Inc,NYSE,Common Stock
CUE,Cue Biopharma Inc,NASDAQ,Common Stock
CUK,Carnival Plc Adr,NYSE,ADR
CULP,Culp Inc,NYSE,Common Stock
CUPR,Cuprina Holdings Cayman Ltd,NASDAQ,Common Stock
CURE,Direxion Daily Healthcare Bull 3X Shares,ARCA,ETF
CURI,Curiositystream Inc,NASDAQ,Common Stock
CURR,Currenc Group Inc,NASDAQ,Common Stock
CURV,Torrid Holdings Inc,NYSE,Common Stock
CURX,Curanex Pharmaceuticals Inc,NASDAQ,Common Stock
CV,Capsovision Inc,NASDAQ,Common Stock
CVBF,CVB Financial Corp,NASDAQ,Common Stock
CVCO,Cavco Industries Inc,NASDAQ,Common Stock
CVE,Cenovus Energy Inc,NYSE,Common Stock
CVEO,Civeo Corp,NYSE,Common Stock
CVGI,Commercial Vehicle Group Inc,NASDAQ,Common Stock
CVGW,Calavo Growers Inc,NASDAQ,Common Stock
CVI,CVR Energy Inc,NYSE,Common Stock
CVKD,Cadrenal Therapeutics Inc,NASDAQ,Common Stock
CVLG,Covenant Logistics Group Inc,NYSE,Common Stock
CVLT,Commvault Systems Inc,NASDAQ,Common Stock
CVM,Cel-Sci Corp,NYSE American,Common Stock
CVNA,Carvana Co,NYSE,Common Stock
CVR,Chicago Rivet & Machine Co,NYSE American,Common Stock
CVRX,Cvrx Inc,NASDAQ,Common Stock
CVS,CVS Health Corp,NYSE,Common Stock
CVU,CPI Aerostructures Inc,NYSE American,Common Stock
CVV,Cvd Equipment Corp,NASDAQ,Common Stock
CVX,Chevron Corp,NYSE,Common Stock
CW,Curtiss-Wright Corp,NYSE,Common Stock
CWAN,Clearwater Analytics Hds A,NYSE,Common Stock
CWB,State Street SPDR Bloomberg Convertible Securities ETF,ARCA,ETF
CWCO,Consolidated Water Co-Ord Sh,NASDAQ,Common Stock
CWEB,Direxion Daily CSI China Internet Index Bull 2X Shares,ARCA,ETF
CWEN,Clearway Energy Inc,NYSE,Common Stock
CWEN.A,Clearway Energy Inc Cl A,NYSE,Common Stock
CWH,Camping World Holdings Inc-A,NYSE,Common Stock
CWI,State Street SPDR MSCI ACWI ex-US ETF,ARCA,ETF
CWII,REX CRWV Growth & Income ETF,Cboe,ETF
CWK,Cushman & Wakefield Ltd,NYSE,Common Stock
CWST,Casella Waste Systems Inc A,NASDAQ,Common Stock
CWT,California Water Service Grp,NYSE,Common Stock
CX,Cemex Sab Spons Adr Part Cer,NYSE,ADR
CXAI,Cxapp Inc,NASDAQ,Common Stock
CXDO,Crexendo Inc,NASDAQ,Common Stock
CXM,Sprinklr Inc,NYSE,Common Stock
CXSE,WisdomTree China ex-State-Owned Enterprises Fund,NASDAQ,ETF
CXT,Crane NXT Co,NYSE,Common Stock
CYBR,Cyberark Software Ltd,NASDAQ,Common Stock
CYCN,Cyclerion Therapeutics Inc,NASDAQ,Common Stock
CYCU,Cycurion Inc,NASDAQ,Common Stock
CYD,China Yuchai Intl Ltd,NYSE,Common Stock
CYH,Community Health Systems Inc,NYSE,Common Stock
CYN,Cyngn Inc,NASDAQ,Common Stock
CYPH,Cypherpunk Technologies Inc,NASDAQ,Common Stock
CYRX,Cryoport Inc,NASDAQ,Common Stock
CYTK,Cytokinetics Inc,NASDAQ,Common Stock
CZFS,Citizens Financial Services Inc,NASDAQ,Common Stock
CZNC,Citizens & Northern Corp,NASDAQ,Common Stock
CZR,Caesars Entertainment Inc. Common Stock,NASDAQ,Common Stock
CZWI,Citizens Community Bancorp I,NASDAQ,Common Stock
D,Dominion Resources Inc/Va,NYSE,Common Stock
DAC,Danaos Corp,NYSE,Common Stock
DAIO,Data I/O Corp,NASDAQ,Common Stock
DAKT,Daktronics Inc,NASDAQ,Common Stock
DAL,Delta Air Lines Inc,NYSE,Common Stock
DAN,Dana Inc,NYSE,Common Stock
DAO,Youdao Inc,NYSE,ADR
DAR,Darling International Inc,NYSE,Common Stock
DARE,Dare Bioscience Inc.,NASDAQ,Common Stock
DASH,Doordash Inc,NASDAQ,Common Stock
DAVA,Endava Plc Spon Adr,NYSE,ADR
DAVE,Dave Inc,NASDAQ,Common Stock
DAWN,Day One Biopharmaceuticals I,NASDAQ,Common Stock
DAX,Global X DAX Germany ETF,NASDAQ,ETF
DB,Deutsche Bank Ag-Registered,NYSE,Common Stock
DBD,Diebold Nixdorf Inc,NYSE,Common Stock
DBGI,Digital Brands Group Inc,NASDAQ,Common Stock
DBI,Designer Brands Inc,NYSE,Common Stock
DBRG,Digitalbridge Group Inc,NYSE,Common Stock
DBX,Dropbox Inc Class A,NASDAQ,Common Stock
DC,Dakota Gold Corp,NYSE Market,Common Stock
DCBO,Docebo Inc,NASDAQ,Common Stock
DCGO,Docgo Inc,NASDAQ,Common Stock
DCH,Dauch Corporation,NYSE,Common Stock
DCI,Donaldson Co Inc,NYSE,Common Stock
DCO,Ducommun Inc,NYSE,Common Stock
DCOM,Dime Community Bancshares,NASDAQ,Common Stock
DCOY,Decoy Therapeutics Inc,NASDAQ CAP,Common Stock
DCTH,Delcath Systems Inc,NASDAQ,Common Stock
DD,DuPont de Nemours Inc,NYSE,Common Stock
DDD,3D Systems Corp,NYSE,Common Stock
DDI,Doubledown Interactive Adr,NASDAQ,ADR
DDL,Dingdong Cayman Ltd,NYSE,ADR
DDOG,Datadog Inc Class A,NASDAQ,Common Stock
DDS,Dillards Inc-Cl A,NYSE,Common Stock
DE,Deere & Co,NYSE,Common Stock
DEC,Diversified Energy Co PLC,NYSE,Common Stock
DECK,Deckers Outdoor Corp,NYSE,Common Stock
DELL,Dell Technologies Inc,NYSE,Common Stock
DEM,WisdomTree Emerging Markets High Dividend Fund,ARCA,ETF
DEO,Diageo Plc-Sponsored Adr,NYSE,ADR
DERM,Journey Medical Corp,NASDAQ,Common Stock
DES,WisdomTree U.S. SmallCap Dividend Fund,ARCA,ETF
DEW,WisdomTree Global High Dividend Fund,ARCA,ETF
DFDV,DeFi Development Corp,NASDAQ CAP,Common Stock
DFE,WisdomTree Europe SmallCap Dividend Fund,ARCA,ETF
DFEN,Direxion Daily Aerospace & Defense Bull 3X Shares,ARCA,ETF
DFH,Dream Finders Homes Inc A,NYSE,Common Stock
DFIN,Donnelley Financial Solu,NYSE,Common Stock
DFJ,WisdomTree Japan SmallCap Dividend Fund,ARCA,ETF
DFLI,Dragonfly Energy Holdings Co,NASDAQ,Common Stock
DG,Dollar General Corp,NYSE,Common Stock
DGICA,Donegal Group Inc Cl A,NASDAQ,Common Stock
DGICB,Donegal Group Inc Cl B,NASDAQ,Common Stock
DGII,Digi International Inc,NASDAQ,Common Stock
DGNX,Diginex Ltd,NASDAQ,Common Stock
DGRE,WisdomTree Emerging Markets Quality Dividend Growth Funds,NASDAQ,ETF
DGRS,WisdomTree U.S. SmallCap Quality Dividend Growth Fund,NASDAQ,ETF
DGRW,WisdomTree U.S. Quality Dividend Growth Fund,NASDAQ,ETF
DGS,WisdomTree Emerging Markets SmallCap Dividend Fund,ARCA,ETF
DGX,Quest Diagnostics Inc,NYSE,Common Stock
DGXX,Digi Power X Inc,NASDAQ CAP,Common Stock
DH,Definitive Healthcare Corp,NASDAQ,Common Stock
DHI,D.R. Horton Inc,NYSE,Common Stock
DHIL,Diamond Hill Investment Grp,NASDAQ,Common Stock
DHR,Danaher Corp,NYSE,Common Stock
DHS,WisdomTree U.S. High Dividend Fund,ARCA,ETF
DHT,Dht Holdings Inc,NYSE,Common Stock
DHX,Dhi Group Inc,NYSE,Common Stock
DIA,SPDR Dow Jones Industrial Average ETF,ARCA,ETF
DIBS,1Stdibs.Com Inc,NASDAQ,Common Stock
DIN,DineEquity Inc,NYSE,Common Stock
DINO,HF Sinclair Corp,NYSE,Common Stock
DIOD,Diodes Inc,NASDAQ,Common Stock
DIS,The Walt Disney Company,NYSE,Common Stock
DIT,Amcon Distributing Co,NYSE American,Common Stock
DIV,GlobalX SuperDividend U.S. ETF,ARCA,ETF
DJCO,Daily Journal Corp,NASDAQ,Common Stock
DJIA,GlobalX Dow 30 Covered Call ETF,ARCA,ETF
DJT,Trump Media & Technology Group,NASDAQ,Common Stock
DJTU,T-Rex 2X Long DJT Daily Target ETF,Cboe,ETF
DK,Delek US Holdings Inc,NYSE,Common Stock
DKNG,Draftkings Inc Cl A,NASDAQ,Common Stock
DKS,Dick's Sporting Goods Inc,NYSE,Common Stock
DLB,Dolby Laboratories Inc-Cl A,NYSE,Common Stock
DLHC,Dlh Holdings Corp,NASDAQ,Common Stock
DLLL,GraniteShares 2x Long DELL Daily ETF,NASDAQ,ETF
DLN,WisdomTree U.S. LargeCap Dividend Fund,ARCA,ETF
DLO,Dlocal Ltd,NASDAQ,Common Stock
DLPN,Dolphin Entertainment Inc,NASDAQ,Common Stock
DLTH,Duluth Holdings Inc Cl B,NASDAQ,Common Stock
DLTR,Dollar Tree Inc,NASDAQ,Common Stock
DLX,Deluxe Corp,NYSE,Common Stock
DLXY,Delixy Holdings Ltd,NASDAQ,Common Stock
DMRC,DigiMarc Corp,NASDAQ,Common Stock
DNA,Ginkgo Bioworks Holdings Inc,NYSE,Common Stock
DNLI,Denali Therapeutics Inc,NASDAQ,Common Stock
DNN,Denison Mines Corp,NYSE American,Common Stock
DNOW,DNOW Inc,NYSE,Common Stock
DNTH,Dianthus Therapeutics Inc,NASDAQ CAP,Common Stock
DNUT,Krispy Kreme Inc,NASDAQ,Common Stock
DOCN,Digitalocean Holdings Inc,NYSE,Common Stock
DOCS,Doximity Inc,NYSE,Common Stock
DOCU,Docusign Inc,NASDAQ,Common Stock
DOGG,FT Vest DJIA Dogs 10 Target Income ETF,Cboe,ETF
DOGZ,Dogness International Corp,NASDAQ,Common Stock
DOLE,Dole Plc,NYSE,Common Stock
DOMH,Dominari Holdings Inc,NASDAQ,Common Stock
DOMO,Domo Inc Class B,NASDAQ,Common Stock
DON,WisdomTree U.S. MidCap Dividend Fund,ARCA,ETF
DOO,BRP Inc,NASDAQ,Common Stock
DORM,Dorman Products Inc,NASDAQ,Common Stock
DOUG,Douglas Elliman Inc,NYSE,Common Stock
DOV,Dover Corp,NYSE,Common Stock
DOW,Dow Inc,NYSE,Common Stock
DOX,Amdocs Ltd,NASDAQ,Common Stock
DOYU,Douyu International Hold Adr,NASDAQ,ADR
DPST,Direxion Daily Regional Banks Bull 3X Shares,ARCA,ETF
DPZ,Domino's Pizza Inc,NASDAQ,Common Stock
DQ,Daqo New Energy Corpadr,NYSE,ADR
DRCT,Direct Digital Holdings In-A,NASDAQ,Common Stock
DRD,Drdgold Ltd Sponsored Adr,NYSE,ADR
DRI,Darden Restaurants Inc,NYSE,Common Stock
DRIO,Dariohealth Corp,NASDAQ,Common Stock
DRIV,GlobalX Autonomous & Electric Vehicles ETF,NASDAQ,ETF
DRMA,Dermata Therapeutics Inc,NASDAQ,Common Stock
DRN,Direxion Daily Real Estate Bull 3X Shares,ARCA,ETF
DRS,Leonardo Drs Inc,NASDAQ,Common Stock
DRV,Direxion Daily Real Estate Bear 3X Shares,ARCA,ETF
DRVN,Driven Brands Holdings Inc,NASDAQ,Common Stock
DSGN,Design Therapeutics Inc,NASDAQ,Common Stock
DSGR,Distribution Solutions Group Inc,NASDAQ,Common Stock
DSGX,Descartes Systems Grp,NASDAQ,Common Stock
DSP,Viant Technology Inc A,NASDAQ,Common Stock
DSWL,Deswell Industries Inc,NASDAQ,Common Stock
DSX,Diana Shipping Inc,NYSE,Common Stock
DSY,Big Tree Cloud Holdings Ltd,NASDAQ,Common Stock
DT,Dynatrace Holdings Llc,NYSE,Common Stock
DTCK,Davis Commodities Ltd,NASDAQ,Common Stock
DTCR,GlobalX Data Center REITs & Digital Infrastructure ETF,NASDAQ,ETF
DTCX,Datacentrex Inc,NASDAQ CAP,Common Stock
DTE,DTE Energy Company,NYSE,Common Stock
DTI,Drilling Tools International Corp,NASDAQ,Common Stock
DTIL,Precision Biosciences Inc,NASDAQ,Common Stock
DTM,Dt Midstream Inc,NYSE,Common Stock
DTSQ,DT Cloud Star Acquisition Corp,NASDAQ,Common Stock
DTSS,Datasea Inc. Common Stock,NASDAQ,Common Stock
DTST,Data Storage Corp,NASDAQ,Common Stock
DUK,Duke Energy Corp,NYSE,Common Stock
DUO,Fangdd Network Group Ltd,NASDAQ,Common Stock
DUOL,Duolingo,NASDAQ,Common Stock
DUOT,Duos Technologies Group Inc,NASDAQ,Common Stock
DUST,Direxion Daily Gold Miners Index Bear 2X Shares,ARCA,ETF
DV,Doubleverify Holdings Inc,NYSE,Common Stock
DVA,DaVita Inc,NYSE,Common Stock
DVAX,Dynavax Technologies Corp,NASDAQ,Common Stock
DVLT,Datavault AI Inc,NASDAQ CAP,Common Stock
DVN,Devon Energy Corporation,NYSE,Common Stock
DVY,iShares Select Dividend ETF,NASDAQ,ETF
DWTX,Dogwood Therapeutics Inc,NASDAQ CAP,Common Stock
DXC,Dxc Technology Co,NYSE,Common Stock
DXCM,DexCom Inc,NASDAQ,Common Stock
DXJ,WisdomTree Japan Hedged Equity Fund,ARCA,ETF
DXLG,Destination Xl Group Inc,NASDAQ,Common Stock
DXPE,DXP Enterprises Inc,NASDAQ,Common Stock
DXR,Daxor Corp,NASDAQ,Common Stock
DY,Dycom Industries Inc,NYSE,Common Stock
DYN,Dyne Therapeutics Inc,NASDAQ,Common Stock
EA,Electronic Arts Inc,NASDAQ,Common Stock
EAF,Graftech International Ltd,NYSE,Common Stock
EAT,Brinker International Inc,NYSE,Common Stock
EB,Eventbrite Inc Class A,NYSE,Common Stock
EBAY,Ebay Inc,NASDAQ,Common Stock
EBC,Eastern Bankshares Inc,NASDAQ,Common Stock
EBF,Ennis Inc,NYSE,Common Stock
EBIZ,Global X E Commerce ETF,NASDAQ,ETF
EBMT,Eagle Bancorp Montana Inc,NASDAQ,Common Stock
EBND,SPDR Bloomberg Emerging Markets Local Bond ETF,ARCA,ETF
EBON,Ebang International Hldgs A,NASDAQ,Common Stock
EBS,Emergent Biosolutions Inc,NYSE,Common Stock
EC,Ecopetrol Sa Sponsored Adr,NYSE,ADR
ECBK,Ecb Bancorp Inc,NASDAQ,Common Stock
ECG,Everus Construction Group Inc,NYSE,Common Stock
ECL,Ecolab Inc,NYSE,Common Stock
ECOR,Electrocore Inc,NASDAQ,Common Stock
ECPG,Encore Capital Group Inc,NASDAQ,Common Stock
ECVT,Ecovyst Inc,NYSE,Common Stock
ED,Consolidated Edison Inc,NYSE,Common Stock
EDBL,Edible Garden AG Incorporated,NASDAQ,Common Stock
EDC,Direxion Daily MSCI Emerging Markets Bull 3X Shares,ARCA,ETF
EDHL,Everbright Digital Holding Ltd,NASDAQ,Common Stock
EDIT,Editas Medicine Inc,NASDAQ,Common Stock
EDN,Emp Distrib Y Comerc Nor Adr,NYSE,ADR
EDRY,Eurodry Ltd,NASDAQ,Common Stock
EDSA,Edesa Biotech Inc.,NASDAQ,Common Stock
EDTK,Skillful Craftsman Education Technology,NASDAQ,Common Stock
EDU,New Oriental Education & Technology Adr,NYSE,ADR
EDUC,Educational Development Corp,NASDAQ,Common Stock
EDV,Vanguard Extended Duration Treasury ETF,ARCA,ETF
EDZ,Direxion Daily MSCI Emerging Markets Bear 3X Shares,ARCA,ETF
EE,Excelerate Energy Inc A,NYSE,Common Stock
EEFT,Euronet Worldwide Inc,NASDAQ,Common Stock
EEIQ,EpicQuest Education Group Inte,NASDAQ CAP,Common Stock
EEM,iShares MSCI Emerging Markets ETF,ARCA,ETF
EEMS,iShares MSCI Emerging Markets Small-Cap ETF,ARCA,ETF
EEX,Emerald Holding Inc,NYSE,Common Stock
EFA,iShares MSCI EAFE ETF,ARCA,ETF
EFIV,State Street SPDR S&P 500 ESG ETF,ARCA,ETF
EFOI,Energy Focus Inc,NASDAQ,Common Stock
EFSC,Enterprise Financial Service,NASDAQ,Common Stock
EFSI,Eagle Financial Services Inc,NASDAQ,Common Stock
EFTY,Etoiles Capital Group Co Ltd,NASDAQ,Common Stock
EFX,Equifax Inc,NYSE,Common Stock
EG,Everest Group Ltd,NYSE,Common Stock
EGAN,Egain Corp,NASDAQ,Common Stock
EGBN,Eagle Bancorp Inc,NASDAQ,Common Stock
EGHT,8x8 Inc,NASDAQ,Common Stock
EGO,Eldorado Gold Corporation,NYSE,Common Stock
EGY,Vaalco Energy Inc,NYSE,Common Stock
EH,Ehang Holdings Ltd Sps Adr,NASDAQ,ADR
EHAB,Enhabit Inc,NYSE,Common Stock
EHC,ENCOMPASS HEALTH CORPORATION,NYSE,Common Stock
EHTH,Ehealth Inc,NASDAQ,Common Stock
EIDO,iShares MSCI Indonesia ETF,ARCA,ETF
EIG,Employers Holdings Inc,NYSE,Common Stock
EIPI,FT Energy Income Partners Enhanced Income ETF,ARCA,ETF
EIX,Edison International,NYSE,Common Stock
EKSO,Ekso Bionics Holdings Inc,NASDAQ,Common Stock
EL,Estee Lauder Companies-Cl A,NYSE,Common Stock
ELA,Envela Corp,NYSE American,Common Stock
ELAB,PMGC Holdings Inc,NASDAQ,Common Stock
ELAN,Elanco Animal Health Inc,NYSE,Common Stock
ELD,WisdomTree Emerging Markets Local Debt Fund,ARCA,ETF
ELDN,Eledon Pharmaceuticals Inc,NASDAQ,Common Stock
ELF,Elf Beauty Inc,NYSE,Common Stock
ELIL,Direxion Daily LLY Bull 2X Shares,NASDAQ,ETF
ELIS,Direxion Daily LLY Bear 1X Shares,NASDAQ,ETF
ELLO,Ellomay Capital Ltd,NYSE Market,Common Stock
ELMD,Electromed Inc,NYSE American,Common Stock
ELSE,Electro Sensors Inc,NASDAQ,Common Stock
ELTK,Eltek Ltd,NASDAQ,Common Stock
ELTX,Elicio Therapeutics Inc,NASDAQ CAP,Common Stock
ELUT,Elutia,NASDAQ CAP,Common Stock
ELV,Elevance Health Inc,NYSE,Common Stock
ELVN,Enliven Therapeutics Inc,NASDAQ,Common Stock
ELWT,Elauwit Connection Inc,NASDAQ,Common Stock
EMAT,Evolution Metals & Technologies Corp,NASDAQ,Common Stock
EMB,iShares J.P. Morgan USD Emerging Markets Bond ETF,NASDAQ,ETF
EMBC,Embecta Corp,NASDAQ,Common Stock
EMBD,Global X Emerging Markets Bond ETF,ARCA,ETF
EMBJ,Embraer SA,NYSE,ADR
EME,Emcor Group Inc,NYSE,Common Stock
EML,The Eastern Company,NASDAQ,Common Stock
EMLC,VanEck J.P. Morgan EM Local Currency Bond ETF,ARCA,ETF
EMLP,First Trust North American Energy Infrastructure Fund,ARCA,ETF
EMN,Eastman Chemical Co,NYSE,Common Stock
EMPD,Empery Digital Inc. ,NASDAQ,Common Stock
EMPG,Empro Group Inc,NASDAQ,Common Stock
EMR,Emerson Electric Co,NYSE,Common Stock
ENB,Enbridge Inc,NYSE,Common Stock
ENGN,Engene Holdings Inc,NASDAQ,Common Stock
ENGS,Energys Group Ltd,NASDAQ,Common Stock
ENIC,Enel Chile Sa,NYSE,ADR
ENLV,Enlivex Therapeutics,NASDAQ,Common Stock
ENOV,Enovis Corp,NYSE,Common Stock
ENPH,Enphase Energy Inc,NASDAQ,Common Stock
ENR,Energizer Holdings Inc,NYSE,Common Stock
ENS,Enersys,NYSE,Common Stock
ENSC,Ensysce Biosciences Inc,NASDAQ,Common Stock
ENSG,The Ensign Group Inc,NASDAQ,Common Stock
ENTA,Enanta Pharmaceuticals Inc,NASDAQ,Common Stock
ENTG,Entegris Inc,NASDAQ,Common Stock
ENTX,Entera Bio Ltd,NASDAQ,Common Stock
ENVA,Enova International Inc,NYSE,Common Stock
ENVB,Enveric Biosciences Inc,NASDAQ,Common Stock
ENVX,Enovix Corp,NASDAQ,Common Stock
EOG,EOG Resources Inc,NYSE,Common Stock
EOLS,Evolus Inc,NASDAQ,Common Stock
EONR,EON Resources Inc,NYSE American,Common Stock
EOSE,Eos Energy Enterprises Inc,NASDAQ,Common Stock
EP,Empire Petroleum Corp,NYSE Market,Common Stock
EPAC,Enerpac Tool Group Corp,NYSE,Common Stock
EPAM,EPAM Systems Inc,NYSE,Common Stock
EPC,Edgewell Personal Care Company,NYSE,Common Stock
EPHE,iShares MSCI Philippines ETF,ARCA,ETF
EPI,WisdomTree India Earnings Fund,ARCA,ETF
EPM,Evolution Petroleum Corp,NYSE American,Common Stock
EPOL,iShares MSCI Poland ETF,ARCA,ETF
EPP,iShares MSCI Pacific ex Japan ETF,ARCA,ETF
EPSN,Epsilon Energy Ltd,NASDAQ,Common Stock
EQ,Equillium Inc,NASDAQ,Common Stock
EQBK,Equity Bancshares Inc Cl A,NYSE,Common Stock
EQH,Equitable Holdings Inc,NYSE,Common Stock
EQNR,Equinor Asa Spon Adr,NYSE,ADR
EQPT,EquipmentShare.com Inc,NASDAQ,Common Stock
EQT,EQT Corp,NYSE,Common Stock
EQX,Equinox Gold Corp,NYSE Market,Common Stock
ERAS,Erasca Inc,NASDAQ,Common Stock
ERIC,Ericsson Tel Sp Adr,NASDAQ,ADR
ERIE,Erie Indemnity Company-Cl A,NASDAQ,Common Stock
ERII,Energy Recovery Inc,NASDAQ,Common Stock
ERNA,Ernexa Therapeutics Inc,NASDAQ CAP,Common Stock
ERO,Ero Copper Corp,NYSE,Common Stock
ERX,Direxion Daily Energy Bull 2X Shares,ARCA,ETF
ERY,Direxion Daily Energy Bear 2X Shares,ARCA,ETF
ES,Eversource Energy,NYSE,Common Stock
ESAB,Esab Corp,NYSE,Common Stock
ESCA,Escalade Inc,NASDAQ,Common Stock
ESE,ESCO Technologies Inc,NYSE,Common Stock
ESEA,Euroseas Ltd,NASDAQ,Common Stock
ESGD,iShares ESG Aware MSCI EAFE ETF,NASDAQ,ETF
ESGE,iShares ESG Aware MSCI EM ETF,NASDAQ,ETF
ESGU,iShares ESG Aware MSCI USA ETF,NASDAQ,ETF
ESHA,ESH Acquisition Corp,NASDAQ,Common Stock
ESI,Element Solutions Inc,NYSE,Common Stock
ESLA,Estrella Immunopharma Inc,NASDAQ,Common Stock
ESLT,Elbit Systems Ltd,NASDAQ,Common Stock
ESML,iShares ESG Aware MSCI USA Small-Cap ETF,Cboe,ETF
ESNT,Essent Group Ltd,NYSE,Common Stock
ESOA,Energy Services Of America,NASDAQ,Common Stock
ESP,Espey Mfg And Electronics Corp,NYSE American,Common Stock
ESPR,Esperion Therapeutics Inc,NASDAQ,Common Stock
ESQ,Esquire Financial Holdings I,NASDAQ,Common Stock
ESTA,Establishment Labs Holdings,NASDAQ,Common Stock
ESTC,Elastic Nv,NYSE,Common Stock
ETD,Ethan Allen Interiors Inc,NYSE,Common Stock
ETHM,Dynamix Corporation,NASDAQ,Common Stock
ETHZ,Ethzilla Corp,NASDAQ CAP,Common Stock
ETN,Eaton Corp Plc,NYSE,Common Stock
ETON,Eton Pharmaceuticals Inc,NASDAQ,Common Stock
ETR,Entergy Corp,NYSE,Common Stock
ETRL,GraniteShares 2x Long ETOR Daily ETF,NASDAQ,ETF
ETSY,Etsy Inc,NYSE,Common Stock
EU,Encore Energy Corp,NASDAQ,Common Stock
EUDA,Euda Health Holdings Ltd,NASDAQ,Common Stock
EUDG,WisdomTree Europe Quality Dividend Growth Fund,ARCA,ETF
EVAX,Evaxion A/S,NASDAQ CAP,ADR
EVC,Entravision Communications-A,NYSE,Common Stock
EVCM,Evercommerce Inc,NASDAQ,Common Stock
EVER,Everquote Inc Class A,NASDAQ,Common Stock
EVEX,Eve Holding Inc,NYSE,Common Stock
EVGN,Evogene Ltd,NASDAQ,Common Stock
EVGO,Evgo Inc,NASDAQ,Common Stock
EVH,Evolent Health Inc - A,NYSE,Common Stock
EVI,Evi Industries Inc,NYSE American,Common Stock
EVLV,Evolv Technologies Holdings,NASDAQ,Common Stock
EVMN,Evommune Inc,NYSE,Common Stock
EVO,Evotec Se Spon Adr,NASDAQ,ADR
EVR,Evercore Partners Inc-Cl A,NYSE,Common Stock
EVRG,Evergy Inc,NASDAQ,Common Stock
EVTC,Evertec Inc,NYSE,Common Stock
EVTL,Vertical Aerospace Ltd,NYSE,Common Stock
EW,Edwards Lifesciences Corp,NYSE,Common Stock
EWBC,East West Bancorp Inc,NASDAQ,Common Stock
EWCZ,European Wax Center Inc A,NASDAQ,Common Stock
EWG,iShares MSCI Germany ETF,ARCA,ETF
EWJ,iShares MSCI Japan ETF,ARCA,ETF
EWM,iShares MSCI Malaysia ETF,ARCA,ETF
EWS,iShares MSCI Singapore ETF,ARCA,ETF
EWT,iShares MSCI Taiwan ETF,ARCA,ETF
EWTX,Edgewise Therapeutics Inc,NASDAQ,Common Stock
EWW,iShares MSCI Mexico ETF,ARCA,ETF
EWY,iShares MSCI South Korea ETF,ARCA,ETF
EWZ,iShares MSCI Brazil ETF,ARCA,ETF
EXAS,Exact Sciences Corp,NASDAQ,Common Stock
EXC,Exelon Corp,NASDAQ,Common Stock
EXE,Expand Energy Corp,NASDAQ,Common Stock
EXEL,Exelixis Inc,NASDAQ,Common Stock
EXFY,Expensify Inc A,NASDAQ,Common Stock
EXI,iShares Global Industrials ETF,ARCA,ETF
EXK,Endeavour Silver Corp,NYSE,Common Stock
EXLS,ExlService Holdings Inc,NASDAQ,Common Stock
EXOD,Exodus Movement Inc,NYSE Market,Common Stock
EXOZ,eXoZymes Inc,NASDAQ CAP,Common Stock
EXP,Eagle Materials Inc,NYSE,Common Stock
EXPD,Expeditors Intl Wash Inc,NYSE,Common Stock
EXPE,Expedia Group Inc,NASDAQ,Common Stock
EXPI,Exp World Holdings Inc,NASDAQ,Common Stock
EXPO,Exponent Inc,NASDAQ,Common Stock
EXTR,Extreme Networks Inc,NASDAQ,Common Stock
EYE,National Vision Holdings Inc,NASDAQ,Common Stock
EYPT,EyePoint Inc,NASDAQ,Common Stock
EZA,iShares MSCI South Africa ETF,ARCA,ETF
EZGO,Ezgo Technologies Ltd,NASDAQ,Common Stock
EZPW,Ezcorp Inc-Cl A,NASDAQ,Common Stock
EZRA,Reliance Global Group Inc,NASDAQ CAP,Common Stock
F,Ford Motor Co,NYSE,Common Stock
FA,First Advantage Corp,NASDAQ,Common Stock
FACT,Fact II Acquisition Corp,NASDAQ,Common Stock
FAF,First American Financial,NYSE,Common Stock
FAI,First Trust Bloomberg Artificial Intelligence ETF,ARCA,ETF
FALN,iShares Fallen Angels USD Bond ETF,NASDAQ,ETF
FAN,First Trust Global Wind Energy ETF,ARCA,ETF
FANG,Diamondback Energy Inc,NASDAQ,Common Stock
FARM,Farmer Bros Co,NASDAQ,Common Stock
FAS,Direxion Daily Financial Bull 3X Shares,ARCA,ETF
FAST,Fastenal Co,NASDAQ,Common Stock
FATE,Fate Therapeutics Inc,NASDAQ,Common Stock
FATN,Fatpipe Inc,NASDAQ,Common Stock
FAUG,FT Vest U.S. Equity Buffer ETF August,Cboe,ETF
FAZ,Direxion Daily Financial Bear 3X Shares,ARCA,ETF
FBGL,FBS Global Ltd,NASDAQ,Common Stock
FBIN,Fortune Brands Innovations Inc,NYSE,Common Stock
FBIO,Fortress Biotech Inc,NASDAQ,Common Stock
FBIZ,First Business Financial Ser,NASDAQ,Common Stock
FBK,Fb Financial Corp,NYSE,Common Stock
FBL,GraniteShares 2x Long META Daily ETF,NASDAQ,ETF
FBLA,FB Bancorp Inc,NASDAQ,Common Stock
FBLG,Fibrobiologics Inc,NASDAQ,Common Stock
FBNC,First Bancorp,NASDAQ,Common Stock
FBP,First Bancorp Puerto Rico,NYSE,Common Stock
FBRX,Forte Biosciences Inc.,NASDAQ,Common Stock
FBT,First Trust NYSE Arca Biotechnology Index Fund,ARCA,ETF
FBY,Yieldmax META Option Income Strategy ETF,ARCA,ETF
FBYD,Falcon's Beyond Global Inc,NASDAQ,Common Stock
FBYY,GraniteShares YieldBOOST META ETF,NASDAQ,ETF
FC,Franklin Covey Co,NYSE,Common Stock
FCAP,First Capital Inc,NASDAQ,Common Stock
FCBC,First Community Bancshares,NASDAQ,Common Stock
FCCO,First Community Corp,NASDAQ,Common Stock
FCEL,Fuelcell Energy Inc,NASDAQ,Common Stock
FCF,First Commonwealth Finl Corp,NYSE,Common Stock
FCFS,FirstCash Holdings Inc,NASDAQ,Common Stock
FCN,FTI Consulting Inc,NYSE,Common Stock
FCNCA,First Citizens Bcshs -Cl A,NASDAQ,Common Stock
FCUV,Focus Universal Inc,NASDAQ,Common Stock
FCVT,First Trust SSI Strategic Convertible Securities ETF,NASDAQ,ETF
FCX,Freeport-McMoRan Inc,NYSE,Common Stock
FDBC,Fidelity D And D Bancorp Inc,NASDAQ,Common Stock
FDD,First Trust STOXX European Select Dividend Index Fund,ARCA,ETF
FDL,First Trust Morningstar Dividend Leaders Index Fund,ARCA,ETF
FDM,First Trust Dow Jones Select Microcap Index Fund ,ARCA,ETF
FDMT,4D Molecular Therapeutics In,NASDAQ,Common Stock
FDN,First Trust Dow Jones Internet Index Fund,ARCA,ETF
FDNI,First Trust Dow Jones International Internet ETF,NASDAQ,ETF
FDP,Fresh Del Monte Produce Inc,NYSE,Common Stock
FDS,FactSet Research Systems Inc,NYSE,Common Stock
FDSB,Fifth District Bancorp Inc,NASDAQ,Common Stock
FDX,FedEx Corp,NYSE,Common Stock
FE,FirstEnergy Corp,NYSE,Common Stock
FEAM,5E Advanced Materials Inc,NASDAQ,Common Stock
FEED,ENvue Medical Inc,NASDAQ CAP,Common Stock
FEIM,Frequency Electronics Inc,NASDAQ,Common Stock
FELE,Franklin Electric Co Inc,NASDAQ,Common Stock
FEMB,First Trust Emerging Markets Local Currency Bond ETF,NASDAQ,ETF
FEMY,Femasys Inc,NASDAQ,Common Stock
FEPI,REX FANG & Innovation Equity Premium Income ETF,NASDAQ,ETF
FERG,Ferguson Enterprises Inc,NYSE,Common Stock
FET,Forum Energy Technologies In,NYSE,Common Stock
FEZ,State Street SPDR EURO STOXX 50 ETF,ARCA,ETF
FF,FutureFuel Corp,NYSE,Common Stock
FFAI,Faraday Future Intelligent Electric Inc,NASDAQ CAP,Common Stock
FFBC,First Financial Bancorp,NASDAQ,Common Stock
FFEB,FT Vest US Equity Buffer ETF February,Cboe,ETF
FFIC,Flushing Financial Corp,NASDAQ,Common Stock
FFIN,First Finl Bankshares Inc,NASDAQ,Common Stock
FFIV,F5 Inc,NASDAQ,Common Stock
FFWM,First Foundation Inc,NYSE,Common Stock
FG,F and G ANNUITIES and LIFE INC,NYSE,Common Stock
FGBI,First Guaranty Bancshares In,NASDAQ,Common Stock
FGD,First Trust Dow Jones Global Select Dividend Index Fund ,ARCA,ETF
FGI,Fgi Industries Ltd,NASDAQ,Common Stock
FGL,Founder Group Ltd,NASDAQ,Common Stock
FGNX,FG Nexus Inc,NASDAQ,Common Stock
FHB,First Hawaiian Inc,NASDAQ,Common Stock
FHI,Federated Hermes Inc,NYSE,Common Stock
FHN,First Horizon Corp,NYSE,Common Stock
FHTX,Foghorn Therapeutics Inc,NASDAQ,Common Stock
FIBK,First Interstate BancSystem Inc,NASDAQ,Common Stock
FICO,Fair Isaac Corp,NYSE,Common Stock
FID,First Trust S&P International Dividend Aristocrats ETF,NASDAQ,ETF
FIEE,FiEE Inc Common Stock,NASDAQ CAP,Common Stock
FIG,Figma Inc,NYSE,Common Stock
FIGR,Figure Technology Solutions,NASDAQ,Common Stock
FIGS,Figs Inc,NYSE,Common Stock
FIHL,Fidelis Insurance Holdings Ltd,NYSE,Common Stock
FINV,Finvolution Group,NYSE,ADR
FINW,Finwise Bancorp,NASDAQ,Common Stock
FINX,Global X Fintech ETF,NASDAQ,ETF
FIP,Ftai Infrastructure Inc,NASDAQ,Common Stock
FIS,Fidelity National Informatio,NYSE,Common Stock
FISI,Financial Institutions Inc,NASDAQ,Common Stock
FISV,Fiserv Inc,NASDAQ,Common Stock
FITB,Fifth Third Bancorp,NASDAQ,Common Stock
FIVE,Five Below,NASDAQ,Common Stock
FIVN,Five9 Inc,NASDAQ,Common Stock
FIW,First Trust Water ETF,ARCA,ETF
FIX,Comfort Systems USA Inc,NYSE,Common Stock
FIXD,First Trust Smith Opportunistic Fixed Income ETF,NASDAQ,ETF
FIZZ,National Beverage Corp,NASDAQ,Common Stock
FJET,Starfighters Space Inc,NYSE Market,Common Stock
FKWL,Franklin Wireless Corp,NASDAQ,Common Stock
FLEX,Flex Ltd,NASDAQ,Common Stock
FLG,Flagstar Bank,NYSE,Common Stock
FLGT,Fulgent Genetics Inc,NASDAQ,Common Stock
FLL,Full House Resorts Inc,NASDAQ,Common Stock
FLNC,Fluence Energy Inc,NASDAQ,Common Stock
FLNG,Flex Lng Ltd,NYSE,Common Stock
FLNT,Fluent Inc. Common Stock,NASDAQ,Common Stock
FLO,Flowers Foods Inc,NYSE,Common Stock
FLOC,Flowco Holdings Inc,NYSE,Common Stock
FLOW,Global X U.S. Cash Flow Kings 100 ETF,ARCA,ETF
FLR,Fluor Corp,NYSE,Common Stock
FLRN,State Street SPDR Bloomberg InState Street SPDR Bloomberg Investment Grade Floating Rate ETF,ARCA,ETF
FLS,Flowserve Corp,NYSE,Common Stock
FLUT,Flutter Entertainment PLC,NYSE,Common Stock
FLUX,Flux Power Holdings Inc,NASDAQ,Common Stock
FLWS,1-800-Flowers.Com Inc-Cl A,NASDAQ,Common Stock
FLXS,Flexsteel Inds,NASDAQ,Common Stock
FLY,Firefly Aerospace Inc,NASDAQ,Common Stock
FLYW,Flywire Corp Voting,NASDAQ,Common Stock
FLYX,Flyexclusive Inc,NYSE Market,Common Stock
FMAO,Farmers And Merchants Banco Oh,NASDAQ,Common Stock
FMAY,FT Vest US Equity Buffer ETF May,Cboe,ETF
FMBH,First Mid Bancshares Inc,NASDAQ,Common Stock
FMC,FMC Corp,NYSE,Common Stock
FMFC,Kandal M Venture Ltd,NASDAQ,Common Stock
FMNB,Farmers Natl Banc Corp,NASDAQ,Common Stock
FMS,Fresenius Medical Care-Adr,NYSE,ADR
FMX,Fomento Economico Mex Sp Adr,NYSE,ADR
FN,Fabrinet,NYSE,Common Stock
FNB,FNB Corp,NYSE,Common Stock
FND,Floor And Decor Holdings Inc-A,NYSE,Common Stock
FNF,FNF GROUP,NYSE,Common Stock
FNGG,Direxion Daily NYSE FANG Plus Bull 2X Shares,ARCA,ETF
FNGR,Fingermotion Inc,NASDAQ,Common Stock
FNKO,Funko Inc Class A,NASDAQ,Common Stock
FNLC,First Bancorp Inc,NASDAQ,Common Stock
FNOV,FT Vest US Equity Buffer ETF November,Cboe,ETF
FNV,Franco-Nevada Corp,NYSE,Common Stock
FNWB,First Northwest Bancorp,NASDAQ,Common Stock
FNWD,Finward Bancorp,NASDAQ,Common Stock
FOA,Finance Of America Cos Inc,NYSE,Common Stock
FOLD,Amicus Therapeutics Inc,NASDAQ,Common Stock
FONR,Fonar Corp,NASDAQ,Common Stock
FOR,Forestar Group Inc,NYSE,Common Stock
FORM,Formfactor Inc,NASDAQ,Common Stock
FORR,Forrester Research Inc,NASDAQ,Common Stock
FORTY,Formula Systems 1985 Sp Adr,NASDAQ,ADR
FOSL,Fossil Group Inc,NASDAQ,Common Stock
FOUR,Shift4 Payments Inc Class A,NYSE,Common Stock
FOX,Fox Corp Class B,NASDAQ,Common Stock
FOXA,Fox Corp Class A,NASDAQ,Common Stock
FOXF,Fox Factory Holding Corp,NASDAQ,Common Stock
FOXX,Foxx Development Holdings Inc. Common Stock,NASDAQ,Common Stock
FPE,First Trust Preferred Securities And Income ETF,ARCA,ETF
FPEI,First Trust Institutional Preferred Securities and Income ETF,ARCA,ETF
FPH,Five Point Holdings Llc Cl A,NYSE,Common Stock
FPS,Forgent Power Solutions Inc,NYSE,Common Stock
FPX,First Trust US Equity Opportunities ETF,ARCA,ETF
FPXI,First Trust International Equity Opportunities ETF,NASDAQ,ETF
FRAF,Franklin Financial Services,NASDAQ,Common Stock
FRBA,First Bank Hamilton Nj,NASDAQ,Common Stock
FRD,Friedman Industries,NASDAQ,Common Stock
FRGE,Forge Global Holdings Inc,NYSE,Common Stock
FRGT,Freight Technologies Inc,NASDAQ,Common Stock
FRHC,Freedom Holding Corp,NASDAQ,Common Stock
FRI,First Trust S&P REIT Index Fund,ARCA,ETF
FRME,First Merchants Corp,NASDAQ,Common Stock
FRO,Frontline PLC,NYSE,Common Stock
FROG,Jfrog Ltd,NASDAQ,Common Stock
FRPH,FRP Holdings Inc,NASDAQ,Common Stock
FRPT,Freshpet Inc,NASDAQ,Common Stock
FRSH,Freshworks Inc Cl A,NASDAQ,Common Stock
FRST,Primis Financial Corp. Common Stock,NASDAQ,Common Stock
FSBC,Five Star Bancorp,NASDAQ,Common Stock
FSBW,FS Bancorp Inc,NASDAQ,Common Stock
FSEA,First Seacoast Bancorp Inc,NASDAQ,Common Stock
FSHP,Flag Ship Acquisition Corp,NASDAQ,Common Stock
FSI,Flexible Solutions Intl Inc,NYSE American,Common Stock
FSIG,First Trust Limited Duration Investment Grade Corporate ETF,ARCA,ETF
FSLR,First Solar Inc,NASDAQ,Common Stock
FSLY,Fastly Inc Class A,NASDAQ,Common Stock
FSM,Fortuna Silver Mines Inc,NYSE,Common Stock
FSS,Federal Signal Corp,NYSE,Common Stock
FSTR,L.B. Foster Company,NASDAQ,Common Stock
FSUN,Firstsun Capital Bancorp,NASDAQ,Common Stock
FTAI,FTAI Aviation Ltd,NASDAQ,Common Stock
FTCB,First Trust Core Investment Grade ETF,ARCA,ETF
FTCI,Ftc Solar Inc,NASDAQ CAP,Common Stock
FTCS,First Trust Capital Strength ETF,NASDAQ,ETF
FTDR,Frontdoor Inc. Common Stock,NASDAQ,Common Stock
FTEK,Fuel Tech Inc,NASDAQ,Common Stock
FTEL,Fitell Corporation Class A Ordinary Shares,NASDAQ,Common Stock
FTGC,First Trust Global Tactical Commodity Strategy Fund,NASDAQ,ETF
FTGS,First Trust Growth Strength ETF,NASDAQ,ETF
FTHI,First Trust BuyWrite Income ETF,NASDAQ,ETF
FTHM,Fathom Holdings Inc,NASDAQ,Common Stock
FTI,TechnipFMC plc,NYSE,Common Stock
FTK,Flotek Industries Inc,NYSE,Common Stock
FTLF,FitLife Brands Inc,NASDAQ,Common Stock
FTLS,First Trust Long Short Equity ETF,ARCA,ETF
FTNT,Fortinet Inc,NASDAQ,Common Stock
FTQI,First Trust Nasdaq BuyWrite Income ETF,NASDAQ,ETF
FTRE,Fortrea Holdings Inc,NASDAQ,Common Stock
FTRK,Fast Track Group,NASDAQ,Common Stock
FTS,Fortis Inc,NYSE,Common Stock
FTSL,First Trust Senior Loan Fund ,NASDAQ,ETF
FTSM,First Trust Enhanced Short Maturity ETF,NASDAQ,ETF
FTV,Fortive Corp,NYSE,Common Stock
FTXL,First Trust Nasdaq Semiconductor ETF,NASDAQ,ETF
FUBO,FuboTV Inc,NYSE,Common Stock
FUFU,BitFuFu Inc,NASDAQ,Common Stock
FUL,H.B. Fuller Co.,NYSE,Common Stock
FULC,Fulcrum Therapeutics Inc,NASDAQ,Common Stock
FULT,Fulton Financial Corp,NASDAQ,Common Stock
FUN,Six Flags Entertainment Corp,NYSE,Common Stock
FUNC,First United Corp,NASDAQ,Common Stock
FUSB,First Us Bancshares Inc,NASDAQ,Common Stock
FUSE,Fusemachines Inc,NASDAQ,Common Stock
FUTU,Futu Holdings Limited American Depositary Shares,NASDAQ,ADR
FVCB,Fvcbankcorp Inc,NASDAQ,Common Stock
FVD,First Trust Value Line Dividend Index Fund,ARCA,ETF
FVRR,Fiverr International Ltd,NYSE,Common Stock
FWDI,Forward Industries Inc. ,NASDAQ CAP,Common Stock
FWONA,Liberty Media Corp Ser A Liberty Formula One ,NASDAQ,Common Stock
FWONK,Liberty Media Corp Ser C Liberty Formula One ,NASDAQ,Common Stock
FWRD,Forward Air Corporation,NASDAQ,Common Stock
FWRG,First Watch Restaurant Group,NASDAQ,Common Stock
FXH,First Trust Health Care AlphaDEX Fund,ARCA,ETF
FXI,iShares China Large-Cap ETF,ARCA,ETF
FXL,First Trust Technology AlphaDEX Fund,ARCA,ETF
FXN,First Trust Energy AlphaDEX Fund,ARCA,ETF
FXNC,First National Corp,NASDAQ,Common Stock
FXZ,First Trust Materials AlphaDEX Fund,ARCA,ETF
G,Genpact Ltd,NYSE,Common Stock
GABC,German American Bancorp,NASDAQ,Common Stock
GAIA,Gaia Inc,NASDAQ,Common Stock
GAL,State Street SPDR SSgA Global Allocation ETF,ARCA,ETF
GALT,Galectin Therapeutics Inc,NASDAQ,Common Stock
GAMB,Gambling Com Group Ltd,NASDAQ,Common Stock
GANX,Gain Therapeutics Inc,NASDAQ,Common Stock
GAP,The Gap Inc,NYSE,Common Stock
GASS,Stealthgas Inc,NASDAQ,Common Stock
GATX,GATX Corp,NYSE,Common Stock
GAU,Asanko Gold Inc,NYSE American,Common Stock
GBCI,Glacier Bancorp Inc,NYSE,Common Stock
GBIO,Generation Bio Co,NASDAQ,Common Stock
GBR,New Concept Energy Inc,NYSE Market,Common Stock
GBTG,Global Business Travel Group,NYSE,Common Stock
GBX,Greenbrier Companies Inc,NYSE,Common Stock
GCBC,Greene County Bancorp Inc,NASDAQ,Common Stock
GCL,GCL Global Holdings Ltd,NASDAQ,Common Stock
GCMG,Gcm Grosvenor Inc,NASDAQ,Common Stock
GCO,Genesco Inc,NYSE,Common Stock
GCT,GigaCloud Technology Inc,NASDAQ,Common Stock
GCTS,GCT Semiconductor Holding Inc,NYSE,Common Stock
GD,General Dynamics Corp,NYSE,Common Stock
GDC,GD Culture Group Ltd,NASDAQ,Common Stock
GDDY,GODADDY INC - CLASS A,NYSE,Common Stock
GDEN,Golden Entertainment Inc,NASDAQ,Common Stock
GDOT,Green Dot Corp-Class A,NYSE,Common Stock
GDRX,Goodrx Holdings Inc,NASDAQ,Common Stock
GDS,Gds Holdings Ltd Adr,NASDAQ,ADR
GDTC,Cytomed Therapeutics Ltd,NASDAQ,Common Stock
GDX,VanEck Gold Miners ETF,ARCA,ETF
GDXJ,VanEck Junior Gold Miners ETF,ARCA,ETF
GDYN,Grid Dynamics Holdings Inc,NASDAQ,Common Stock
GE,GE Aerospace,NYSE,Common Stock
GEF,Greif Inc-Cl A,NYSE,Common Stock
GEG,Great Elm Group Inc,NASDAQ,Common Stock
GEHC,GE Healthcare Technologies Inc,NASDAQ,Common Stock
GEMI,Gemini Space Station Inc,NASDAQ,Common Stock
GEN,Gen Digital Inc,NASDAQ,Common Stock
GENC,Gencor Industries Inc,NYSE American,Common Stock
GENI,Genius Sports Ltd,NYSE,Common Stock
GENK,Gen Restaurant Group Inc,NASDAQ,Common Stock
GEO,The Geo Group Inc,NYSE,Common Stock
GEOS,Geospace Technologies Corp,NASDAQ,Common Stock
GERN,Geron Corp,NASDAQ,Common Stock
GETY,Getty Images Holdings Inc,NYSE,Common Stock
GEV,Ge Vernova Inc,NYSE,Common Stock
GEVO,Gevo Inc,NASDAQ,Common Stock
GFAI,Guardforce Ai Co Ltd,NASDAQ,Common Stock
GFF,Griffon Corp,NYSE,Common Stock
GFI,Gold Fields Ltd-Spons Adr,NYSE,ADR
GFL,Gfl Environmental Inc Sub Vt,NYSE,Common Stock
GFS,Globalfoundries Inc,NASDAQ,Common Stock
GGAL,Grupo Financiero Galicia S.A.,NASDAQ,ADR
GGB,Gerdau Sa Spon Adr,NYSE,ADR
GGG,Graco Inc,NYSE,Common Stock
GGLL,Direxion Daily GOOGL Bull 2X Shares,NASDAQ,ETF
GGLS,Direxion Daily GOOGL Bear 1X Shares,NASDAQ,ETF
GGR,Gogoro Inc,NASDAQ,Common Stock
GH,Guardant Health Inc,NASDAQ,Common Stock
GHC,Graham Holdings Co-Class B,NYSE,Common Stock
GHG,Greentree Hospitality Gr-Adr,NYSE,ADR
GHM,Graham Corp,NYSE,Common Stock
GHRS,Gh Research Plc,NASDAQ,Common Stock
GIB,Cgi Inc,NYSE,Common Stock
GIBO,GIBO Holdings Limited,NASDAQ,Common Stock
GIC,Global Industrial Co,NYSE,Common Stock
GIFT,Giftify Inc,NASDAQ,Common Stock
GIG,GigCapital7 Corp,NASDAQ,Common Stock
GIII,G-III Apparel Group Ltd,NASDAQ,Common Stock
GIL,Gildan Activewear Inc,NYSE,Common Stock
GILD,Gilead Sciences Inc,NASDAQ,Common Stock
GILT,Gilat Satellite Networks Ltd,NASDAQ,Common Stock
GINN,Goldman Sachs Innovate Equity ETF,ARCA,ETF
GIS,General Mills Inc,NYSE,Common Stock
GKOS,Glaukos Corp,NYSE,Common Stock
GL,Globe Life Inc,NYSE,Common Stock
GLBE,Global E Online Ltd,NASDAQ,Common Stock
GLD,SPDR Gold Shares,ARCA,ETF
GLDD,Great Lakes Dredge & Dock Co,NASDAQ,Common Stock
GLDM,SPDR Gold Minishares Trust,ARCA,ETF
GLIBK,GCI Liberty Inc,NASDAQ,Common Stock
GLIN,VanEck India Growth Leaders ETF,ARCA,ETF
GLMD,Galmed Pharmaceuticals Ltd,NASDAQ,Common Stock
GLNG,Golar Lng Ltd,NASDAQ,Common Stock
GLOB,Globant Sa,NYSE,Common Stock
GLOO,Gloo Holdings Inc,NASDAQ,Common Stock
GLPG,Galapagos Nv Spon Adr,NASDAQ,ADR
GLRE,Greenlight Capital Re Ltd-A,NASDAQ,Common Stock
GLSI,Greenwich Lifesciences Inc,NASDAQ,Common Stock
GLTO,Galecto Inc,NASDAQ,Common Stock
GLUE,Monte Rosa Therapeutics Inc,NASDAQ,Common Stock
GLW,Corning Inc,NYSE,Common Stock
GLXU,T-REX 2x Long GLXY Daily Target ETF,Cboe,ETF
GLXY,Galaxy Digital Inc,NASDAQ,Common Stock
GM,General Motors Co,NYSE,Common Stock
GMAB,Genmab A S Sp Adr,NASDAQ,ADR
GME,Gamestop Corp-Class A,NYSE,Common Stock
GMED,Globus Medical Inc - A,NYSE,Common Stock
GMEU,T-REX 2X Long GME Daily Target ETF,Cboe,ETF
GMF,State Street SPDR S&P Emerging Asia Pacific ETF,ARCA,ETF
GMGI,Golden Matrix Group Inc,NASDAQ,Common Stock
GNE,Genie Energy Ltd-B,NYSE,Common Stock
GNK,Genco Shipping And Trading Ltd,NYSE,Common Stock
GNLN,Greenlane Holdings Inc,NASDAQ,Common Stock
GNLX,Genelux Corp,NASDAQ,Common Stock
GNOM,GlobalX Genomics & Biotechnology ETF,NASDAQ,ETF
GNPX,Genprex Inc,NASDAQ,Common Stock
GNRC,Generac Holdings Inc,NYSE,Common Stock
GNSS,Genasys Inc,NASDAQ,Common Stock
GNTX,Gentex Corp,NASDAQ,Common Stock
GNW,Genworth Financial Inc-Cl A,NYSE,Common Stock
GO,Grocery Outlet Holding Corp,NASDAQ,Common Stock
GOCO,Gohealth Inc,NASDAQ CAP,Common Stock
GOGO,GoGo Inc,NASDAQ,Common Stock
GOLD,Gold.com Inc,NYSE,Common Stock
GOLF,Acushnet Holdings Corp,NYSE,Common Stock
GOOG,Alphabet Inc-Cl C,NASDAQ,Common Stock
GOOGL,Alphabet Inc-Cl A,NASDAQ,Common Stock
GOOS,Canada Goose Holdings Inc,NYSE,Common Stock
GOOY,YieldMax GOOGL Option Income Strategy ETF,ARCA,ETF
GORO,Gold Resource Corp,NYSE American,Common Stock
GOSS,Gossamer Bio Inc,NASDAQ,Common Stock
GOTU,Gaotu Techedu Inc,NYSE,ADR
GOVX,Geovax Labs Inc,NASDAQ,Common Stock
GPAT,GP Act III Acquisition Corp,NASDAQ,Common Stock
GPC,Genuine Parts Co,NYSE,Common Stock
GPCR,Structure Therapeutics Inc,NASDAQ,ADR
GPGI,GPGI Inc,NYSE,Common Stock
GPI,Group 1 Automotive Inc,NYSE,Common Stock
GPK,Graphic Packaging Holding Co,NYSE,Common Stock
GPN,Global Payments Inc,NYSE,Common Stock
GPOR,Gulfport Energy Corp,NYSE,Common Stock
GPRE,Green Plains Inc.,NASDAQ,Common Stock
GPRO,GoPro Inc,NASDAQ,Common Stock
GPUS,Hyperscale Data Inc,NYSE American,Common Stock
GRAB,Grab Holdings Ltd Cl A,NASDAQ,Common Stock
GRAF,Graf Global Corp,NYSE Market,Common Stock
GRAL,GRAIL Inc,NASDAQ,Common Stock
GRAN,Grande Group Ltd,NASDAQ,Common Stock
GRBK,Green Brick Partners Inc,NYSE,Common Stock
GRC,Gorman-Rupp Co,NYSE,Common Stock
GRCE,Grace Therapeutics Inc,NASDAQ,Common Stock
GRDN,Guardian Pharmacy Services Inc,NYSE,Common Stock
GRDX,GridAI Technologies Corp,NASDAQ CAP,Common Stock
GREE,Greenidge Generation Holding,NASDAQ,Common Stock
GRI,GRI Bio Inc Common Stock,NASDAQ,Common Stock
GRID,First Trust Nasdaq Clean Edge Smart Grid Infrastructure Index Fund ,NASDAQ,ETF
GRMN,Garmin Ltd,NYSE,Common Stock
GRND,Grindr Inc,NYSE,Common Stock
GRNT,Granite Ridge Resources Inc,NYSE,Common Stock
GRO,Brazil Potash Corp,NYSE American,Common Stock
GROV,Grove Collaborative Holdings,NYSE,Common Stock
GROW,US Global Investors Inc A,NASDAQ,Common Stock
GROY,Gold Royalty Corp,NYSE Market,Common Stock
GRPN,Groupon Inc.,NASDAQ,Common Stock
GRRR,Gorilla Technology Group Inc,NASDAQ,Common Stock
GRVY,Gravity Co Ltd Sponsored Adr,NASDAQ,ADR
GRWG,Growgeneration Corp,NASDAQ,Common Stock
GS,Goldman Sachs Group Inc,NYSE,Common Stock
GSAT,Globalstar Inc,NASDAQ,Common Stock
GSBC,Great Southern Bancorp Inc,NASDAQ,Common Stock
GSHD,Goosehead Insurance Inc A,NASDAQ,Common Stock
GSIT,Gsi Technology Inc,NASDAQ,Common Stock
GSK,GSK plc ADR,NYSE,ADR
GSL,Global Ship Lease Inc Cl A,NYSE,Common Stock
GSM,Ferroglobe PLC,NASDAQ,Common Stock
GT,Goodyear Tire & Rubber Co,NASDAQ,Common Stock
GTBP,Gt Biopharma Inc,NASDAQ,Common Stock
GTE,Gran Tierra Energy Inc,NYSE American,Common Stock
GTEC,Greenland Technologies Holdi,NASDAQ,Common Stock
GTES,Gates Industrial Corp Plc,NYSE,Common Stock
GTIM,Good Times Restaurants Inc,NASDAQ,Common Stock
GTLB,Gitlab Inc,NASDAQ,Common Stock
GTLS,Chart Industries Inc,NYSE,Common Stock
GTM,ZoomInfo Technologies Inc,NASDAQ,Common Stock
GTN,Gray Media Inc,NYSE,Common Stock
GTX,Garrett Motion Inc,NASDAQ,Common Stock
GUTS,Fractyl Health Inc,NASDAQ,Common Stock
GV,Visionary Holdings Inc,NASDAQ,Common Stock
GVA,Granite Construction Inc,NYSE,Common Stock
GWH,Ess Tech Inc,NYSE,Common Stock
GWRE,Guidewire Software Inc,NYSE,Common Stock
GWRS,Global Water Resources Inc,NASDAQ,Common Stock
GWW,W.W. Grainger Inc,NYSE,Common Stock
GXAI,Gaxos.ai Inc,NASDAQ,Common Stock
GXDW,Global X Dorsey Wright Thematic ETF,NASDAQ,ETF
GXIG,Global X Investment Grade Corporate Bond ETF,ARCA,ETF
GXO,Gxo Logistics Inc,NYSE,Common Stock
GYRE,Gyre Therapeutics Inc,NASDAQ,Common Stock
H,Hyatt Hotels Corp - Cl A,NYSE,Common Stock
HACK,Amplify Cybersecurity ETF,ARCA,ETF
HAE,Haemonetics Corp/Mass,NYSE,Common Stock
HAFC,Hanmi Financial Corporation,NASDAQ,Common Stock
HAFN,Hafnia Ltd,NYSE,Common Stock
HAIL,State Street SPDR S&P Kensho Smart Mobility ETF,ARCA,ETF
HAIN,Hain Celestial Group Inc,NASDAQ,Common Stock
HAL,Halliburton Co,NYSE,Common Stock
HALO,Halozyme Therapeutics Inc,NASDAQ,Common Stock
HAS,Hasbro Inc,NASDAQ,Common Stock
HAYW,Hayward Holdings Inc,NYSE,Common Stock
HBAN,Huntington Bancshares Inc,NASDAQ,Common Stock
HBB,Hamilton Beach Brand A,NYSE,Common Stock
HBCP,Home Bancorp Inc,NASDAQ,Common Stock
HBIO,Harvard Bioscience Inc,NASDAQ CAP,Common Stock
HBM,Hudbay Minerals Inc,NYSE,Common Stock
HBNB,Hotel101 Global Holdings Corp,NASDAQ CAP,Common Stock
HBNC,Horizon Bancorp Inc. Common Stock,NASDAQ,Common Stock
HBT,Hbt Financial Inc,NASDAQ,Common Stock
HCA,HCA Healthcare Inc,NYSE,Common Stock
HCAT,Health Catalyst Inc,NASDAQ,Common Stock
HCC,Warrior Met Coal Inc,NYSE,Common Stock
HCHL,Happy City Holdings Ltd,NASDAQ,Common Stock
HCI,HCI Group Inc,NYSE,Common Stock
HCKT,The Hackett Group Inc,NASDAQ,Common Stock
HCM,HUTCHMED Ltd,NASDAQ,ADR
HCSG,Healthcare Services Group,NASDAQ,Common Stock
HCWB,Hcw Biologics Inc,NASDAQ CAP,Common Stock
HD,Home Depot Inc,NYSE,Common Stock
HDB,HDFC Bank Ltd Adr,NYSE,ADR
HDL,Super Hi International Holding Ltd,NASDAQ,ADR
HDSN,Hudson Technologies Inc,NASDAQ,Common Stock
HDV,iShares Core High Dividend ETF,ARCA,ETF
HE,Hawaiian Electric Inds,NYSE,Common Stock
HEAL,Global X HealthTech ETF,NASDAQ,ETF
HEDJ,WisdomTree Europe Hedged Equity Fund,ARCA,ETF
HEI,Heico Corp,NYSE,Common Stock
HELE,Helen of Troy Ltd,NASDAQ,Common Stock
HEPS,D Market Electronic Services,NASDAQ,ADR
HERO,GlobalX Video Games & Esports ETF,NASDAQ,ETF
HES,Hess Corp,NYSE,Common Stock
HEWJ,iShares Currency Hedged MSCI Japan ETF,ARCA,ETF
HEZU,iShares Currency Hedged MSCI Eurozone ETF,ARCA,ETF
HFBL,Home Federal Bancorp Inc,NASDAQ,Common Stock
HFFG,Hf Foods Group Inc,NASDAQ,Common Stock
HFWA,Heritage Financial Corp,NASDAQ,Common Stock
HG,Hamilton Insurance Group Ltd,NYSE,Common Stock
HGBL,Heritage Global Inc,NASDAQ,Common Stock
HGTY,Hagerty Inc,NYSE,Common Stock
HGV,Hilton Grand Vacations-Wi,NYSE,Common Stock
HHH,Howard Hughes Holdings Inc,NYSE,Common Stock
HHS,Harte-Hanks Inc,NASDAQ,Common Stock
HI,Hillenbrand Inc,NYSE,Common Stock
HIFS,Hingham Institution For Svgs,NASDAQ,Common Stock
HIG,Hartford Insurance Group Inc,NYSE,Common Stock
HII,Huntington Ingalls Industrie,NYSE,Common Stock
HIMS,Hims And Hers Health Inc,NYSE,Common Stock
HIMX,Himax Technologies Inc Adr,NASDAQ,ADR
HIND,Vyome Holdings Inc,NASDAQ CAP,Common Stock
HIPO,Hippo Holdings Inc,NYSE,Common Stock
HIT,Health In Tech Inc Class A,NASDAQ,Common Stock
HKD,AMTD Digital Inc,NYSE,ADR
HKPD,Cellyan Biotechnology Co Ltd,NASDAQ CAP,Common Stock
HL,Hecla Mining Co,NYSE,Common Stock
HLF,Herbalife Ltd,NYSE,Common Stock
HLI,Houlihan Lokey Inc,NYSE,Common Stock
HLIO,Helios Technologies Inc. Common Stock,NYSE,Common Stock
HLIT,Harmonic Inc,NASDAQ,Common Stock
HLLY,Holley Inc,NYSE,Common Stock
HLMN,Hillman Solutions Corp,NASDAQ,Common Stock
HLN,Haleon Plc ADR,NYSE,ADR
HLNE,Hamilton Lane Inc,NASDAQ,Common Stock
HLT,Hilton Worldwide Holdings Inc,NYSE,Common Stock
HLX,Helix Energy Solutions Group,NYSE,Common Stock
HMN,Horace Mann Educators,NYSE,Common Stock
HMY,Harmony Gold Mining Company Limited,NYSE,ADR
HNGE,Hinge Health Inc,NYSE,Common Stock
HNI,HNI Corp,NYSE,Common Stock
HNNA,Hennessy Advisors Inc,NASDAQ,Common Stock
HNRG,Hallador Energy Co,NASDAQ,Common Stock
HNST,Honest Co Inc,NASDAQ,Common Stock
HNVR,Hanover Bancorp Inc,NASDAQ,Common Stock
HOFT,Hooker Furnishings Corp,NASDAQ,Common Stock
HOG,Harley-Davidson Inc,NYSE,Common Stock
HOII,REX HOOD Growth & Income ETF,Cboe,ETF
HOLX,Hologic Inc,NASDAQ,Common Stock
HOMB,Home BancShares Inc,NYSE,Common Stock
HON,Honeywell International Inc,NASDAQ,Common Stock
HOOD,Robinhood Markets Inc,NASDAQ,Common Stock
HOOG,Leverage Shares 2X Long HOOD Daily ETF,NASDAQ,ETF
HOOW,Roundhill HOOD WeeklyPay ETF,Cboe,ETF
HOPE,Hope Bancorp Inc,NASDAQ,Common Stock
HOTH,Hoth Therapeutics Inc,NASDAQ,Common Stock
HOUR,Hour Loop Inc,NASDAQ,Common Stock
HOV,Hovnanian Enterprises-A,NYSE,Common Stock
HOWL,Werewolf Therapeutics Inc,NASDAQ,Common Stock
HOYY,GraniteShares YieldBOOST HOOD ETF,NASDAQ,ETF
HP,Helmerich & Payne,NYSE,Common Stock
HPAI,Helport AI Ltd,NASDAQ CAP,Common Stock
HPE,Hewlett Packard Enterprise,NYSE,Common Stock
HPK,Highpeak Energy Inc,NASDAQ,Common Stock
HPQ,HP Inc,NYSE,Common Stock
HQI,Hirequest Inc,NASDAQ,Common Stock
HQY,Healthequity Inc,NASDAQ,Common Stock
HRB,H&R Block Inc,NYSE,Common Stock
HRI,Herc Holdings Inc,NYSE,Common Stock
HRL,Hormel Foods Corp,NYSE,Common Stock
HRMY,Harmony Biosciences Holdings,NASDAQ,Common Stock
HROW,Harrow Inc,NASDAQ,Common Stock
HRTG,Heritage Insurance Holdings,NYSE,Common Stock
HRTX,Heron Therapeutics Inc,NASDAQ,Common Stock
HSBC,Hsbc Holdings Plc-Spons ADR,NYSE,ADR
HSCS,HeartSciences Inc,NASDAQ CAP,Common Stock
HSDT,Solana Company,NASDAQ CAP,Common Stock
HSIC,Henry Schein Inc,NASDAQ,Common Stock
HSTM,Healthstream Inc,NASDAQ,Common Stock
HSY,The Hershey Company,NYSE,Common Stock
HTB,HomeTrust Bancshares Inc,NYSE,Common Stock
HTBK,Heritage Commerce Corp,NASDAQ,Common Stock
HTCO,High-Trend Internation Group,NASDAQ CAP,Common Stock
HTFL,HeartFlow Inc,NASDAQ,Common Stock
HTH,Hilltop Holdings Inc,NYSE,Common Stock
HTHT,H World Group Ltd,NASDAQ,ADR
HTLD,Heartland Express Inc,NASDAQ,Common Stock
HTLM,Homestolife Ltd,NASDAQ,Common Stock
HTO,H2O America,NASDAQ,Common Stock
HTOO,Fusion Fuel Green Plca,NASDAQ,Common Stock
HTT,High Templar Tech Limited,NYSE,ADR
HTZ,Hertz Global Hldgs Inc,NASDAQ,Common Stock
HUBB,Hubbell Inc,NYSE,Common Stock
HUBG,Hub Group Inc-Cl A,NASDAQ,Common Stock
HUBS,Hubspot Inc,NYSE,Common Stock
HUDI,Huadi International Group Co,NASDAQ,Common Stock
HUIZ,Huize Holding Ltd Adr,NASDAQ,ADR
HUM,Humana Inc,NYSE,Common Stock
HUMA,Humacyte Inc,NASDAQ,Common Stock
HUN,Huntsman Corp,NYSE,Common Stock
HURA,TuHURA Biosciences Inc,NASDAQ CAP,Common Stock
HURC,Hurco Companies Inc,NASDAQ,Common Stock
HURN,Huron Consulting Group Inc,NASDAQ,Common Stock
HUT,Hut 8 Corp,NASDAQ,Common Stock
HUYA,Huya Inc Adr,NYSE,ADR
HVT,Haverty Furniture,NYSE,Common Stock
HWBK,Hawthorn Bancshares Inc,NASDAQ,Common Stock
HWC,Hancock Whitney Corporation Common Stock,NASDAQ,Common Stock
HWKN,Hawkins Inc,NASDAQ,Common Stock
HWM,Howmet Aerospace Inc,NYSE,Common Stock
HXL,Hexcel Corp,NYSE,Common Stock
HY,Hyster-Yale Inc,NYSE,Common Stock
HYAC,Haymaker Acquisition Corp 4,NYSE,Common Stock
HYBL,State Street SPDR Blackstone High Income ETF,Cboe,ETF
HYDR,Global X Hydrogen ETF,NASDAQ,ETF
HYEM,VanEck Emerging Markets High Yield Bond ETF,ARCA,ETF
HYFM,Hydrofarm Holdings Group Inc,NASDAQ,Common Stock
HYFT,MindWalk Holdings Corp,NASDAQ,Common Stock
HYG,iShares iBoxx USD High Yield Corporate Bond ETF,ARCA,ETF
HYLN,Hyliion Holdings Corp,NYSE American,Common Stock
HYLS,First Trust Tactical High Yield ETF,NASDAQ,ETF
HYMC,Hycroft Mining Holding Corp,NASDAQ,Common Stock
HYNE,Hoyne Bancorp Inc,NASDAQ,Common Stock
HYPD,Hyperion DeFi Inc,NASDAQ CAP,Common Stock
HYPR,Hyperfine Inc,NASDAQ,Common Stock
HYTI,FT Vest High Yield & Target Income ETF,ARCA,ETF
HYZD,WisdomTree Interest Rate Hedged High Yield Bond Fund,NASDAQ,ETF
HZO,Marinemax Inc,NYSE,Common Stock
IAC,IAC Inc. Common Stock,NASDAQ,Common Stock
IAG,IAMGOLD Corp,NYSE,Common Stock
IAGG,iShares Core International Aggregate Bond Fund,Cboe,ETF
IART,Integra Lifesciences Holding,NASDAQ,Common Stock
IAU,iShares Gold Trust,ARCA,ETF
IAUI,NEOS Gold High Income ETF,Cboe,ETF
IBAC,IB Acquisition Corp,NASDAQ,Common Stock
IBB,iShares Biotechnology ETF,NASDAQ,ETF
IBCP,Independent Bank Corp Mich,NASDAQ,Common Stock
IBEX,Ibex Ltd,NASDAQ,Common Stock
IBIO,Ibio Inc,NASDAQ,Common Stock
IBKR,Interactive Brokers Gro-Cl A,NASDAQ,Common Stock
IBLC,iShares Blockchain And Tech ETF,ARCA,ETF
IBM,Intl Business Machines Corp,NYSE,Common Stock
IBN,Icici Bank Ltd-Spon Adr,NYSE,ADR
IBO,Impact BioMedical Inc,NYSE Market,Common Stock
IBOC,International Bancshares Crp,NASDAQ,Common Stock
IBP,Installed Building Products,NYSE,Common Stock
IBRX,ImmunityBio Inc. Common Stock,NASDAQ,Common Stock
IBTA,Ibotta Inc,NYSE,Common Stock
ICCC,Immucell Corp,NASDAQ,Common Stock
ICE,Intercontinental Exchange Inc.,NYSE,Common Stock
ICFI,ICF International Inc,NASDAQ,Common Stock
ICHR,Ichor Holdings Ltd,NASDAQ,Common Stock
ICLN,iShares Global Clean Energy ETF,NASDAQ,ETF
ICLR,Icon Plc,NASDAQ,Common Stock
ICU,Seastar Medical Holding Corp,NASDAQ,Common Stock
ICUI,ICU Medical Inc,NASDAQ,Common Stock
IDA,Idacorp Inc,NYSE,Common Stock
IDAI,T Stamp Inc,NASDAQ,Common Stock
IDCC,InterDigital Inc,NASDAQ,Common Stock
IDEV,iShares Core MSCI International Developed Markets ETF,ARCA,ETF
IDHQ,Invesco S&P International Developed Quality ETF,ARCA,ETF
IDN,Intellicheck Inc,NASDAQ,Common Stock
IDR,Idaho Strategic Resources Inc,NYSE Market,Common Stock
IDT,IDT Corp-Class B,NYSE,Common Stock
IDX,VanEck Indonesia Index ETF,ARCA,ETF
IDXX,Idexx Laboratories Inc,NASDAQ,Common Stock
IDYA,Ideaya Biosciences Inc,NASDAQ,Common Stock
IE,Ivanhoe Electric Inc,NYSE Market,Common Stock
IEF,iShares 7-10 Year Treasury Bond ETF,NASDAQ,ETF
IEMG,iShares Core MSCI Emerging Markets ETF,ARCA,ETF
IESC,Ies Holdings Inc,NASDAQ,Common Stock
IEV,iShares Europe ETF,ARCA,ETF
IEX,Idex Corp,NYSE,Common Stock
IFF,Intl Flavors & Fragrances,NYSE,Common Stock
IFGL,iShares International Developed Real Estate ETF,NASDAQ,ETF
IFRX,Inflarx Nv,NASDAQ,Common Stock
IFS,Intercorp Financial Services,NYSE,Common Stock
IGC,IGC Pharma Inc,NYSE American,Common Stock
IGF,iShares Global Infrastructure ETF,NASDAQ,ETF
IGIB,iShares 5-10 Year Investment Grade Corporate Bond ETF,NASDAQ,ETF
IGIC,International General Insura,NASDAQ,Common Stock
IGLD,FT Vest Gold Strategy Target Income ETF,Cboe,ETF
IGOV,iShares International Treasury Bond ETF,NASDAQ,ETF
IGSB,iShares 1-5 Year Investment Grade Corporate Bond ETF,NASDAQ,ETF
IH,Ihuman Inc,NYSE,ADR
IHG,Intercontinental Hotels Adr,NYSE,ADR
IHRT,Iheartmedia Inc Class A,NASDAQ,Common Stock
IHS,IHS Holding Ltd,NYSE,Common Stock
IHY,VanEck International High Yield Bond ETF,ARCA,ETF
III,Information Services Group,NASDAQ,Common Stock
IIIN,Insteel Industries Inc,NYSE,Common Stock
IIIV,I3 Verticals Inc Class A,NASDAQ,Common Stock
IJH,iShares Core S&P Mid-Cap ETF,ARCA,ETF
IJR,iShares Core S&P Small-Cap ETF,ARCA,ETF
IKT,Inhibikase Therapeutics Inc,NASDAQ,Common Stock
ILDR,First Trust Innovation Leaders ETF,ARCA,ETF
ILF,iShares Latin America 40 ETF,ARCA,ETF
ILMN,Illumina Inc,NASDAQ,Common Stock
IMA,ImageneBio Inc,NASDAQ,Common Stock
IMAX,Imax Corp,NYSE,Common Stock
IMCR,Immunocore Holdings Plcadr,NASDAQ,ADR
IMDX,Insight Molecular Diagnostics Inc,NASDAQ CAP,Common Stock
IMG,CIMG Inc Common Stock,NASDAQ CAP,Common Stock
IMKTA,Ingles Markets Inc-Class A,NASDAQ,Common Stock
IMMP,Immutep Ltd,NASDAQ,ADR
IMMR,Immersion Corporation,NASDAQ,Common Stock
IMMX,Immix Biopharma Inc,NASDAQ,Common Stock
IMNM,Immunome Inc,NASDAQ,Common Stock
IMNN,Imunon Inc,NASDAQ CAP,Common Stock
IMOS,Chipmos Technologies Inc Adr,NASDAQ,ADR
IMRX,Immuneering Corp Class A,NASDAQ,Common Stock
IMSR,Terrestrial Energy Inc,NASDAQ,Common Stock
IMTE,Integrated Media Technology Ltd,NASDAQ,Common Stock
IMTX,Immatics Nv,NASDAQ,Common Stock
IMUX,Immunic Inc.,NASDAQ,Common Stock
IMVT,Immunovant Inc,NASDAQ,Common Stock
IMXI,International Money Express,NASDAQ,Common Stock
INAB,In8Bio Inc,NASDAQ,Common Stock
INBK,First Internet Bancorp,NASDAQ,Common Stock
INBS,Intelligent Bio Solutions Inc,NASDAQ,Common Stock
INBX,Inhibrx Biosciences Inc,NASDAQ,Common Stock
INCY,Incyte Corp,NASDAQ,Common Stock
INDB,Independent Bank Corp,NASDAQ,Common Stock
INDI,Indie Semiconductor Inc A,NASDAQ,Common Stock
INDL,Direxion Daily MSCI India Bull 2X Shares,ARCA,ETF
INDO,Indonesia Energy Corp Ltd,NYSE Market,Common Stock
INDP,Indaptus Therapeutics Inc,NASDAQ,Common Stock
INDV,Indivior Pharmaceuticals Inc,NASDAQ,Common Stock
INFA,Informatica Inc - Class A,NYSE,Common Stock
INFU,Infusystem Holdings Inc,NYSE American,Common Stock
INFY,Infosys Ltd-Sp Adr,NYSE,ADR
ING,Ing Groep N V Sponsored Adr,NYSE,ADR
INGM,Ingram Micro Holding Corp,NYSE,Common Stock
INGN,Inogen Inc,NASDAQ,Common Stock
INGR,Ingredion Inc,NYSE,Common Stock
INHD,Inno Holdings Inc,NASDAQ,Common Stock
INKM,State Street SPDR SSgA Income Allocation ETF,ARCA,ETF
INKT,Mink Therapeutics Inc,NASDAQ CAP,Common Stock
INLX,Intellinetics Inc,NYSE Market,Common Stock
INM,Inmed Pharmaceuticals Inc,NASDAQ,Common Stock
INMB,Inmune Bio Inc,NASDAQ,Common Stock
INMD,Inmode Ltd,NASDAQ,Common Stock
INNV,Innovage Holding Corp,NASDAQ,Common Stock
INO,Inovio Pharmaceuticals Inc,NASDAQ,Common Stock
INOD,Innodata Inc,NASDAQ,Common Stock
INR,Infinity Natural Resources Inc,NYSE,Common Stock
INSE,Inspired Entertainment Inc,NASDAQ,Common Stock
INSG,Inseego Corp,NASDAQ,Common Stock
INSM,Insmed Inc,NASDAQ,Common Stock
INSP,Inspire Medical Systems Inc,NYSE,Common Stock
INSW,International Seaways Inc,NYSE,Common Stock
INTA,Intapp Inc,NASDAQ,Common Stock
INTC,Intel Corp,NASDAQ,Common Stock
INTG,InterGroup Corp,NASDAQ,Common Stock
INTS,Intensity Therapeutics Inc,NASDAQ,Common Stock
INTT,Intest Corp,NYSE American,Common Stock
INTU,Intuit Inc,NASDAQ,Common Stock
INTW,GraniteShares 2x Long INTC Daily ETF,NASDAQ,ETF
INTZ,Intrusion Inc,NASDAQ,Common Stock
INVA,Innoviva Inc.,NASDAQ,Common Stock
INVE,Identiv Inc,NASDAQ,Common Stock
INVX,Innovex International Inc,NYSE,Common Stock
INVZ,Innoviz Technologies Ltd,NASDAQ,Common Stock
IOBT,Io Biotech Inc,NASDAQ,Common Stock
IONL,GraniteShares 2x Long IONQ Daily ETF,NASDAQ,ETF
IONQ,IonQ Inc,NYSE,Common Stock
IONR,ioneer Ltd,NASDAQ,ADR
IONS,Ionis Pharmaceuticals Inc,NASDAQ,Common Stock
IOO,iShares Global 100 ETF,ARCA,ETF
IOSP,Innospec Inc,NASDAQ,Common Stock
IOT,Samsara Inc Cl A,NYSE,Common Stock
IOVA,Iovance Biotherapeutics Inc.,NASDAQ,Common Stock
IOYY,GraniteShares YieldBOOST IONQ ETF,NASDAQ,ETF
IP,International Paper Co,NYSE,Common Stock
IPAR,Interparfumes Inc,NASDAQ,Common Stock
IPDN,Professional Diversity Network,NASDAQ,Common Stock
IPGP,IPG Photonics Corp,NASDAQ,Common Stock
IPI,Intrepid Potash Inc,NYSE,Common Stock
IPM,Intelligent Protection Management Corp,NASDAQ CAP,Common Stock
IPSC,Century Therapeutics Inc,NASDAQ CAP,Common Stock
IPW,Ipower Inc,NASDAQ,Common Stock
IPWR,Ideal Power Inc,NASDAQ,Common Stock
IPX,Iperionx Ltd,NASDAQ,ADR
IQ,Iqiyi Inc Adr,NASDAQ,ADR
IQQQ,ProShares Nasdaq-100 High Income ETF,NASDAQ,ETF
IQV,IQVIA HOLDINGS INC,NYSE,Common Stock
IR,Ingersoll-Rand Inc,NYSE,Common Stock
IRD,Opus Genetics Inc,NASDAQ CAP,Common Stock
IRDM,Iridium Communications Inc,NASDAQ,Common Stock
IREN,IREN Limited Ordinary Shares,NASDAQ,Common Stock
IRIX,Iridex Corp,NASDAQ,Common Stock
IRMD,Iradimed Corp,NASDAQ,Common Stock
IRON,Disc Medicine Inc,NASDAQ,Common Stock
IROQ,If Bancorp Inc,NASDAQ,Common Stock
IRTC,iRhythm Holdings Inc,NASDAQ,Common Stock
IRWD,Ironwood Pharmaceuticals Inc,NASDAQ,Common Stock
ISPC,Ispecimen Inc,NASDAQ,Common Stock
ISPR,Ispire Technology Inc,NASDAQ,Common Stock
ISPY,ProShares S&P500 High Income ETF,Cboe,ETF
ISRG,Intuitive Surgical Inc,NASDAQ,Common Stock
ISSC,Innovative Solutions And Supp,NASDAQ,Common Stock
ISTR,Investar Holding Corp,NASDAQ,Common Stock
ISUL,GraniteShares 2x Long ISRG Daily ETF,NASDAQ,ETF
IT,Gartner Inc,NYSE,Common Stock
ITA,iShares U.S. Aerospace & Defense ETF,Cboe,ETF
ITGR,Integer Holdings Corporation,NYSE,Common Stock
ITIC,Investors Title Co,NASDAQ,Common Stock
ITRI,Itron Inc,NASDAQ,Common Stock
ITRM,Iterum Therapeutics Plc,NASDAQ,Common Stock
ITRN,Ituran Location And Control,NASDAQ,Common Stock
ITT,ITT Inc,NYSE,Common Stock
ITW,Illinois Tool Works,NYSE,Common Stock
ITWO,ProShares Russell 2000 High Income ETF,Cboe,ETF
IVDA,Iveda Solutions Inc,NASDAQ,Common Stock
IVF,INVO Fertility Inc,NASDAQ CAP,Common Stock
IVOG,Vanguard S&P Mid-Cap 400 Growth ETF,ARCA,ETF
IVOO,Vanguard S&P Mid-Cap 400 ETF,ARCA,ETF
IVOV,Vanguard S&P Mid-Cap 400 Value ETF,ARCA,ETF
IVV,iShares Core S&P 500 ETF,ARCA,ETF
IVVD,Invivyd Inc,NASDAQ,Common Stock
IVZ,Invesco Ltd,NYSE,Common Stock
IWB,iShares Russell 1000 ETF,ARCA,ETF
IWM,iShares Russell 2000 ETF,ARCA,ETF
IWMI,NEOS Russell 2000 High Income ETF,Cboe,ETF
IX,Orix Sponsored Adr,NYSE,ADR
IXC,iShares Global Energy ETF,ARCA,ETF
IXG,iShares Global Financials ETF,ARCA,ETF
IXHL,Incannex Healthcare Inc,NASDAQ CAP,Common Stock
IXJ,iShares Global Healthcare ETF,ARCA,ETF
IXN,iShares Global Tech ETF,ARCA,ETF
IXP,iShares Global Comm Services ETF,ARCA,ETF
IYR,iShares U.S. Real Estate ETF,ARCA,ETF
IYRI,NEOS Real Estate High Income ETF,Cboe,ETF
IZEA,Izea Worldwide Inc,NASDAQ,Common Stock
J,Jacobs Solutions Inc,NYSE,Common Stock
JACK,Jack In The Box Inc,NASDAQ,Common Stock
JAGX,Jaguar Health Inc,NASDAQ,Common Stock
JAKK,Jakks Pacific Inc,NASDAQ,Common Stock
JANX,Janux Therapeutics Inc,NASDAQ,Common Stock
JAVA,JPMorgan Active Value ETF,ARCA,ETF
JAZZ,Jazz Pharmaceuticals Plc,NASDAQ,Common Stock
JBHT,JB Hunt Transport Services Inc,NASDAQ,Common Stock
JBI,Janus International Group In,NYSE,Common Stock
JBIO,Jade Biosciences Inc,NASDAQ,Common Stock
JBL,Jabil Circuit Inc,NYSE,Common Stock
JBLU,JetBlue Airways Corp,NASDAQ,Common Stock
JBSS,John B. Sanfilippo & Son Inc,NASDAQ,Common Stock
JBTM,JBT Marel Corp,NYSE,Common Stock
JCAP,Jefferson Capital Inc,NASDAQ,Common Stock
JCI,Johnson Controls PLC,NYSE,Common Stock
JCSE,JE Cleantech Holdings Ltd,NASDAQ,Common Stock
JD,Jd.Com Inc-ADR,NASDAQ,ADR
JEF,Jefferies Financial Group,NYSE,Common Stock
JELD,Jeld Wen Holding Inc,NYSE,Common Stock
JEM,707 Cayman Holdings Ltd,NASDAQ,Common Stock
JEPI,JPMorgan Equity Premium Income ETF,ARCA,ETF
JEPQ,JPMorgan Nasdaq Equity Premium Income ETF,NASDAQ,ETF
JFIN,Jiayin Group Inc Adr,NASDAQ,ADR
JG,Aurora Mobile Ltd Adr,NASDAQ,ADR
JGLO,JPMorgan Global Select Equity ETF,NASDAQ,ETF
JGRO,JPMorgan Active Growth ETF,ARCA,ETF
JHG,Janus Henderson Group Plc,NYSE,Common Stock
JHX,James Hardie Industries PLC,NYSE,Common Stock
JILL,J. Jill Inc,NYSE,Common Stock
JJSF,J & J Snack Foods Corp,NASDAQ,Common Stock
JKHY,Jack Henry & Associates Inc,NASDAQ,Common Stock
JKS,Jinkosolar Holding Co Adr,NYSE,ADR
JL,J Long Group Ltd,NASDAQ,Common Stock
JLL,Jones Lang Lasalle Inc,NYSE,Common Stock
JMIA,Jumia Technologies Ag Adr,NYSE,ADR
JMSB,John Marshall Bancorp Inc,NASDAQ,Common Stock
JNJ,Johnson & Johnson,NYSE,Common Stock
JNK,State Street SPDR Bloomberg High Yield Bond ETF,ARCA,ETF
JNUG,Direxion Daily Junior Gold Miners Index Bull 2X Shares,ARCA,ETF
JOB,GEE Group Inc,NYSE American,Common Stock
JOBY,Joby Aviation Inc,NYSE,Common Stock
JOE,The St. Joe Company,NYSE,Common Stock
JOUT,Johnson Outdoors Inc-A,NASDAQ,Common Stock
JOYY,JOYY Inc. American Depositary Shares,NASDAQ,ADR
JPM,Jpmorgan Chase & Co,NYSE,Common Stock
JPST,JPMorgan Ultra Short Income ETF,ARCA,ETF
JRSH,Jerash Holdings Us Inc,NASDAQ,Common Stock
JRVR,James River Group Holdings Inc,NASDAQ,Common Stock
JSPR,Jasper Therapeutics Inc,NASDAQ,Common Stock
JTAI,Jet AI Inc,NASDAQ,Common Stock
JUNS,Jupiter Neurosciences Inc,NASDAQ,Common Stock
JVA,Coffee Holding Co Inc,NASDAQ,Common Stock
JWEL,Jowell Global Ltd,NASDAQ,Common Stock
JXI,iShares Global Utilities ETF,ARCA,ETF
JXN,Jackson Financial Inc A,NYSE,Common Stock
JYNT,Joint Corp,NASDAQ,Common Stock
JZ,Jianzhi Education Technology Group Company Limited,NASDAQ CAP,ADR
JZXN,Jiuzi Holdings Inc,NASDAQ,Common Stock
KAI,Kadant Inc,NYSE,Common Stock
KALA,KALA BIO Inc,NASDAQ CAP,Common Stock
KALU,Kaiser Aluminum Corp,NASDAQ,Common Stock
KALV,KalVista Pharmaceuticals Inc,NASDAQ,Common Stock
KAPA,Kairos Pharma Ltd,NYSE Market,Common Stock
KARO,Karooooo Ltd,NASDAQ,Common Stock
KB,Kb Financial Group Inc Adr,NYSE,ADR
KBAB,KraneShares 2x Long BABA Daily ETF,NASDAQ,ETF
KBH,KB Home,NYSE,Common Stock
KBR,KBR Inc,NYSE,Common Stock
KC,Kingsoft Cloud Holdings Adr,NASDAQ,ADR
KD,Kyndryl Holdings Inc,NYSE,Common Stock
KDK,Kodiak AI Inc,NASDAQ,Common Stock
KDP,Keurig Dr Pepper Inc,NASDAQ,Common Stock
KE,Kimball Electronics Inc,NASDAQ,Common Stock
KELYA,Kelly Services Inc -A,NASDAQ,Common Stock
KELYB,Kelly Services Inc,NASDAQ,Common Stock
KEN,Kenon Holdings Ltd,NYSE,Common Stock
KEP,Korea Elec Power Corp Sp Adr,NYSE,ADR
KEQU,Kewaunee Scientific Cp,NASDAQ,Common Stock
KEX,Kirby Corp,NYSE,Common Stock
KEY,Keycorp,NYSE,Common Stock
KEYS,Keysight Technologies In,NYSE,Common Stock
KFFB,Kentucky First Federal Banco,NASDAQ,Common Stock
KFRC,Kforce Inc,NYSE,Common Stock
KFS,Kingsway Financial Services,NYSE,Common Stock
KFY,Korn Ferry,NYSE,Common Stock
KG,Kestrel Group Ltd,NASDAQ,Common Stock
KGC,Kinross Gold Corp,NYSE,Common Stock
KGS,Kodiak Gas Services Inc,NYSE,Common Stock
KHC,Kraft Heinz Co,NASDAQ,Common Stock
KIDS,Orthopediatrics Corp,NASDAQ,Common Stock
KINS,Kingstone Cos Inc,NASDAQ,Common Stock
KITT,Nauticus Robotics Inc,NASDAQ,Common Stock
KKR,KKR & Co Inc,NYSE,Common Stock
KLAC,KLA Corporation Common Stock,NASDAQ,Common Stock
KLAR,Klarna Group PLC,NYSE,Common Stock
KLC,Kindercare Learning Cos Inc,NYSE,Common Stock
KLIC,Kulicke & Soffa Industries,NASDAQ,Common Stock
KLIP,KraneShares KWEB Covered Call Strategy ETF,ARCA,ETF
KLRS,Kalaris Therapeutics Inc,NASDAQ,Common Stock
KLTO,Klotho Neurosciences Inc,NASDAQ CAP,Common Stock
KLTR,Kaltura Inc,NASDAQ,Common Stock
KLXE,Klx Energy Services Holding,NASDAQ,Common Stock
KMB,Kimberly-Clark Corp,NASDAQ,Common Stock
KMDA,Kamada Ltd,NASDAQ,Common Stock
KMI,Kinder Morgan Inc,NYSE,Common Stock
KMLI,KraneShares 2x Long MELI Daily ETF,NASDAQ,ETF
KMPR,Kemper Corp,NYSE,Common Stock
KMRK,K-Tech Solutions Co Ltd,NASDAQ,Common Stock
KMT,Kennametal Inc,NYSE,Common Stock
KMTS,Kestra Medical Technologies Inc,NASDAQ,Common Stock
KMX,CarMax Inc,NYSE,Common Stock
KN,Knowles Corp,NYSE,Common Stock
KNDI,Kandi Technologies Group Inc,NASDAQ,Common Stock
KNF,Knife River Corp,NYSE,Common Stock
KNG,FT Vest S&P 500 Dividend Aristocrats Target Income ETF,Cboe,ETF
KNRX,Knorex Ltd,NYSE Market,Common Stock
KNSA,Kiniksa Pharmaceuticals International Plc,NASDAQ,Common Stock
KNSL,Kinsale Capital Group Inc,NYSE,Common Stock
KNTK,Altus Midstream Co A,NYSE,Common Stock
KNX,Knight-Swift Transportation,NYSE,Common Stock
KO,The Coca-Cola Company,NYSE,Common Stock
KOD,Kodiak Sciences Inc,NASDAQ,Common Stock
KODK,Eastman Kodak Co,NYSE,Common Stock
KOF,Coca Cola Femsa Sab Sp Adr,NYSE,ADR
KOID,KraneShares Global Humanoid & Embodied Intelligence Index ETF,NASDAQ,ETF
KOMP,State Street SPDR S&P Kensho New Economies Composite ETF,ARCA,ETF
KOP,Koppers Holdings Inc,NYSE,Common Stock
KOPN,Kopin Corp,NASDAQ,Common Stock
KORE,Kore Group Holdings Inc,NYSE,Common Stock
KOS,Kosmos Energy Ltd,NYSE,Common Stock
KOSS,Koss Corp,NASDAQ,Common Stock
KPDD,KraneShares 2x Long PDD Daily ETF,NASDAQ,ETF
KPLT,Katapult Holdings Inc,NASDAQ,Common Stock
KPRX,Kiora Pharmaceuticals Inc,NASDAQ,Common Stock
KPTI,Karyopharm Therapeutics Inc,NASDAQ,Common Stock
KR,Kroger Co,NYSE,Common Stock
KRMA,GlobalX Conscious Companies ETF,NASDAQ,ETF
KRMD,KORU Medical Systems Inc. Common Stock,NASDAQ CAP,Common Stock
KRMN,Karman Holdings Inc,NYSE,Common Stock
KRNT,Kornit Digital Ltd,NASDAQ,Common Stock
KRNY,Kearny Financial Corp,NASDAQ,Common Stock
KRO,Kronos Worldwide Inc,NYSE,Common Stock
KROP,GlobalX AgTech & Food Innovation ETF,NASDAQ,ETF
KROS,Keros Therapeutics Inc,NASDAQ,Common Stock
KRRO,Korro Bio Inc,NASDAQ CAP,Common Stock
KRT,Karat Packaging Inc,NASDAQ,Common Stock
KRUS,Kura Sushi Usa Inc,NASDAQ,Common Stock
KRYS,Krystal Biotech Inc,NASDAQ,Common Stock
KSCP,Knightscope Inc A,NASDAQ,Common Stock
KSS,Kohls Corp,NYSE,Common Stock
KT,Kt Corp Sp Adr,NYSE,ADR
KTB,Kontoor Brands Inc,NYSE,Common Stock
KTCC,Key Tronic Corp,NASDAQ,Common Stock
KTOS,Kratos Defense & Security Solutions,NASDAQ,Common Stock
KTTA,Pasithea Therapeutics Corp,NASDAQ,Common Stock
KTUP,T-REX 2x Long KTOS Daily Target ETF,Cboe,ETF
KUKE,Kuke Music Holding Ltd Adr,NYSE,ADR
KULR,Kulr Technology Group Inc,NYSE Market,Common Stock
KURA,Kura Oncology Inc,NASDAQ,Common Stock
KUST,Kustom Entertainment Inc,NASDAQ CAP,Common Stock
KVAC,Keen Vision Acquisition Corp,NASDAQ,Common Stock
KVHI,KVH Industries Inc,NASDAQ,Common Stock
KVUE,Kenvue Inc,NYSE,Common Stock
KVYO,Klaviyo Inc,NYSE,Common Stock
KW,Kennedy-Wilson Holdings Inc,NYSE,Common Stock
KWEB,KraneShares CSI China Internet ETF,ARCA,ETF
KWM,K Wave Media Ltd,NASDAQ,Common Stock
KWR,Quaker Houghton,NYSE,Common Stock
KXI,iShares Global Consumer Staples ETF,ARCA,ETF
KYIV,Kyivstar Group Ltd,NASDAQ,Common Stock
KYMR,Kymera Therapeutics Inc,NASDAQ,Common Stock
KYNB,Kyntra Bio Inc,NASDAQ,Common Stock
KYTX,Kyverna Therapeutics Inc,NASDAQ,Common Stock
KZIA,Kazia Therapeutics Spon Adr,NASDAQ,ADR
KZR,Kezar Life Sciences Inc,NASDAQ,Common Stock
L,Loews Corp,NYSE,Common Stock
LAB,Standard BioTools Inc. Common Stock,NASDAQ,Common Stock
LABD,Direxion Daily S&P Biotech Bear 3X Shares,ARCA,ETF
LABU,Direxion Daily S&P Biotech Bull 3X Shares,ARCA,ETF
LAC,Lithium Americas Corp,NYSE,Common Stock
LAD,Lithia Motors Inc-Cl A,NYSE,Common Stock
LAES,SEALSQ Corp,NASDAQ,Common Stock
LAKE,Lakeland Industries Inc,NASDAQ,Common Stock
LAR,Lithium Americas Argentina Cor,NYSE,Common Stock
LARK,Landmark Bancorp Inc,NASDAQ,Common Stock
LASE,Laser Photonics Corp,NASDAQ,Common Stock
LASR,Nlight Inc,NASDAQ,Common Stock
LAUR,Laureate Education Inc A,NASDAQ,Common Stock
LAW,Cs Disco Inc,NYSE,Common Stock
LAWR,Robot Consulting Co Ltd,NASDAQ,ADR
LBRDA,Liberty Broadband A,NASDAQ,Common Stock
LBRDK,Liberty Broadband C,NASDAQ,Common Stock
LBRT,Liberty Energy Inc,NYSE,Common Stock
LBRX,LB Pharmaceuticals Inc,NASDAQ,Common Stock
LBTYA,Liberty Global Ltd. Class A Common Shares,NASDAQ,Common Stock
LBTYB,Liberty Global Ltd,NASDAQ,Common Stock
LBTYK,Liberty Global Ltd. Class C Common Shares,NASDAQ,Common Stock
LC,Lending Club Corp,NYSE,Common Stock
LCDL,GraniteShares 2x Long LCID Daily ETF,NASDAQ,ETF
LCFY,Locafy Ltd,NASDAQ,Common Stock
LCID,Lucid Group Inc,NASDAQ,Common Stock
LCII,LCI Industries,NYSE,Common Stock
LCNB,LCNB Corporation,NASDAQ,Common Stock
LCTX,Lineage Cell Therapeutics Inc,NYSE American,Common Stock
LCUT,Lifetime Brands Inc,NASDAQ,Common Stock
LDI,Loandepot Inc Class A,NYSE,Common Stock
LDOS,Leidos Holdings Inc,NYSE,Common Stock
LE,Lands' End Inc,NASDAQ,Common Stock
LEA,Lear Corp,NYSE,Common Stock
LECO,Lincoln Electric Holdings,NASDAQ,Common Stock
LEDS,Semileds Corp,NASDAQ,Common Stock
LEE,LEE Enterprises,NASDAQ,Common Stock
LEG,Leggett & Platt Inc,NYSE,Common Stock
LEGH,Legacy Housing Corp,NASDAQ,Common Stock
LEGN,Legend Biotech Corp Adr,NASDAQ,ADR
LEGT,Legato Merger Corp III,NYSE Market,Common Stock
LEMB,iShares J.P. Morgan EM Local Currency Bond ETF,ARCA,ETF
LEN,Lennar Corp-A,NYSE,Common Stock
LEN.B,Lennar Corp - B Shs,NYSE,Common Stock
LENZ,LENZ Therapeutics Inc,NASDAQ,Common Stock
LESL,Leslie'S Inc,NASDAQ,Common Stock
LEU,Centrus Energy Corp Class A,NYSE American,Common Stock
LEVI,Levi Strauss & Co- Class A,NYSE,Common Stock
LEXX,Lexaria Bioscience Corp,NASDAQ,Common Stock
LFCR,Lifecore Biomedical Inc Common Stock,NASDAQ,Common Stock
LFMD,LifeMD Inc,NASDAQ,Common Stock
LFST,Lifestance Health Group Inc,NASDAQ,Common Stock
LFUS,Littelfuse Inc,NASDAQ,Common Stock
LFVN,Lifevantage Corporation Common Stock (Delaware),NASDAQ,Common Stock
LFWD,Lifeward Ltd,NASDAQ CAP,Common Stock
LGCY,Legacy Education Inc,NYSE Market,Common Stock
LGIH,LGI Homes Inc,NASDAQ,Common Stock
LGL,Lgl Group Inc,NYSE American,Common Stock
LGN,Legence Corp,NASDAQ,Common Stock
LGND,Ligand Pharmaceuticals,NASDAQ,Common Stock
LGOV,First Trust Long Duration Opportunities ETF,ARCA,ETF
LGVN,Longeveron Inc,NASDAQ,Common Stock
LH,Labcorp Holdings Inc,NYSE,Common Stock
LHAI,Linkhome Holdings Inc,NASDAQ,Common Stock
LHX,L3Harris Technologies Inc,NYSE,Common Stock
LI,LI Auto Inc Adr,NASDAQ,ADR
LIDR,Aeye Inc,NASDAQ,Common Stock
LIF,Life360 Inc,NASDAQ,Common Stock
LIFE,Ethos Technologies Inc,NASDAQ,Common Stock
LII,Lennox International Inc,NYSE,Common Stock
LILA,Liberty Latin Americ-Cl A,NASDAQ,Common Stock
LILAK,Liberty Latin Americ Cl C,NASDAQ,Common Stock
LIN,Linde PLC,NASDAQ,Common Stock
LINC,Lincoln Educational Services,NASDAQ,Common Stock
LIND,Lindblad Expeditions Holding,NASDAQ,Common Stock
LINK,Interlink Electronics Inc,NASDAQ,Common Stock
LION,Lionsgate Studios Corp,NYSE,Common Stock
LIQT,Liqtech International Inc,NASDAQ,Common Stock
LIT,GlobalX Lithium & Battery Tech ETF,ARCA,ETF
LITE,Lumentum Holdings Inc,NASDAQ,Common Stock
LITM,Snow Lake Resources Ltd,NASDAQ,Common Stock
LITS,Lite Strategy Inc,NASDAQ CAP,Common Stock
LIVE,Live Ventures Incorporated,NASDAQ,Common Stock
LIVN,LivaNova plc,NASDAQ,Common Stock
LIXT,Lixte Biotechnology Holdings,NASDAQ,Common Stock
LKFN,Lakeland Financial Corp,NASDAQ,Common Stock
LKQ,LKQ Corp,NASDAQ,Common Stock
LLII,REX LLY Growth & Income ETF,Cboe,ETF
LLY,Eli Lilly & Co,NYSE,Common Stock
LLYVA,Liberty Live Holdings Series A,NASDAQ,Common Stock
LLYVK,Liberty Live Holdings Series C,NASDAQ,Common Stock
LMAT,LeMaitre Vascular Inc,NASDAQ,Common Stock
LMB,Limbach Holdings Inc,NASDAQ,Common Stock
LMBO,Direxion Daily Crypto Industry Bull 2X Shares,ARCA,ETF
LMBS,First Trust Low Duration Opportunities ETF,NASDAQ,ETF
LMFA,Lm Funding America Inc,NASDAQ,Common Stock
LMND,Lemonade Inc,NYSE,Common Stock
LMNR,Limoneira Co,NASDAQ,Common Stock
LMRI,Lumexa Imaging Holdings Inc,NASDAQ,Common Stock
LMT,Lockheed Martin Corp,NYSE,Common Stock
LNAI,Lunai Bioworks Inc,NASDAQ CAP,Common Stock
LNC,Lincoln National Corp,NYSE,Common Stock
LND,Brasilagro Companhia Brasileira De Propriedades Agricolas Adr,NYSE,ADR
LNG,Cheniere Energy Inc,NYSE,Common Stock
LNKB,Linkbancorp Inc,NASDAQ,Common Stock
LNKS,Linkers Industries Ltd A,NASDAQ,Common Stock
LNN,Lindsay Corp,NYSE,Common Stock
LNSR,Lensar,NASDAQ,Common Stock
LNT,Alliant Energy Corp,NASDAQ,Common Stock
LNTH,Lantheus Holdings Inc,NASDAQ,Common Stock
LNZA,Lanzatech Global Inc,NASDAQ,Common Stock
LOAR,Loar Holdings Inc,NYSE,Common Stock
LOB,Live Oak Bancshares Inc,NYSE,Common Stock
LOCL,Local Bounti Corp,NYSE,Common Stock
LOCO,El Pollo Loco Holdings Inc,NASDAQ,Common Stock
LODE,Comstock Inc,NYSE American,Common Stock
LOGI,Logitech International-Reg,NASDAQ,Common Stock
LOMA,Loma Negra Cia Indspon Adr,NYSE,ADR
LONA,LeonaBio Inc,NASDAQ CAP,Common Stock
LOOP,Loop Industries Inc,NASDAQ,Common Stock
LOPE,Grand Canyon Education Inc,NASDAQ,Common Stock
LOVE,The Lovesac Co,NASDAQ,Common Stock
LOW,Lowe's Cos Inc,NYSE,Common Stock
LPA,Logistic Properties Of The Americas,NYSE American,Common Stock
LPAA,Launch One Acquisition Corp,NASDAQ,Common Stock
LPBB,Launch Two Acquisition Corp,NASDAQ,Common Stock
LPCN,Lipocine Inc,NASDAQ,Common Stock
LPG,Dorian Lpg Ltd,NYSE,Common Stock
LPL,Lg Display Co Ltd Adr,NYSE,ADR
LPLA,LPL Financial Holdings Inc,NASDAQ,Common Stock
LPRO,Open Lending Corp Cl A,NASDAQ,Common Stock
LPSN,Liveperson Inc,NASDAQ,Common Stock
LPTH,Lightpath Technologies Inca,NASDAQ,Common Stock
LPX,Louisiana-Pacific Corp,NYSE,Common Stock
LQD,iShares iBoxx USD Investment Grade Corporate Bond ETF,ARCA,ETF
LQDA,Liquidia Corporation,NASDAQ,Common Stock
LQDT,Liquidity Services Inc,NASDAQ,Common Stock
LQTI,FT Vest Investment Grade & Target Income ETF,ARCA,ETF
LRCX,Lam Research Corp,NASDAQ,Common Stock
LRE,LEAD REAL ESTATE CO LTD,NASDAQ CAP,ADR
LRMR,Larimar Therapeutics Inc,NASDAQ,Common Stock
LRN,Stride Inc,NYSE,Common Stock
LSAK,Lesaka Technologies Inc,NASDAQ,Common Stock
LSBK,Lake Shore Bancorp Inc,NASDAQ,Common Stock
LSCC,Lattice Semiconductor Corp,NASDAQ,Common Stock
LSF,Laird Superfood Inc,NYSE American,Common Stock
LSPD,Lightspeed Pos Inc Sub Vote,NYSE,Common Stock
LSTA,Lisata Therapeutics Inc,NASDAQ CAP,Common Stock
LSTR,Landstar System Inc,NASDAQ,Common Stock
LTBR,Lightbridge Corp,NASDAQ,Common Stock
LTH,Life Time Group Holdings Inc,NYSE,Common Stock
LTRN,Lantern Pharma Inc,NASDAQ,Common Stock
LTRX,Lantronix Inc,NASDAQ,Common Stock
LTTI,FT Vest 20 Plus Year Treasury & Target Income ETF,ARCA,ETF
LU,Lufax Holding Ltd,NYSE,ADR
LUCD,Lucid Diagnostics Inc,NASDAQ CAP,Common Stock
LUCK,Lucky Strike Entertainment Corp,NYSE,Common Stock
LULU,Lululemon Athletica Inc,NASDAQ,Common Stock
LUMN,Lumen Technologies Inc,NYSE,Common Stock
LUNG,Pulmonx Corp,NASDAQ,Common Stock
LUNR,Intuitive Machines Inc,NASDAQ,Common Stock
LUV,Southwest Airlines Co,NYSE,Common Stock
LUXE,LuxExperience BV,NYSE,ADR
LVLU,Lulus Fashion Lounge Holdin,NASDAQ CAP,Common Stock
LVO,Liveone Inc,NASDAQ,Common Stock
LVRO,Lavoro Ltd Cl A,NASDAQ,Common Stock
LVS,Las Vegas Sands Corp,NYSE,Common Stock
LVWR,Livewire Group Inc,NYSE,Common Stock
LW,Lamb Weston Holdings Inc,NYSE,Common Stock
LWAY,Lifeway Foods Inc,NASDAQ,Common Stock
LWLG,Lightwave Logic Inc,NASDAQ,Common Stock
LXEO,Lexeo Therapeutics Inc,NASDAQ,Common Stock
LXFR,Luxfer Holdings Plc,NYSE,Common Stock
LXRX,Lexicon Pharmaceuticals Inc,NASDAQ,Common Stock
LXU,LSB Industries Inc,NYSE,Common Stock
LYB,Lyondellbasell Indu-Cl A,NYSE,Common Stock
LYEL,Lyell Immunopharma Inc,NASDAQ,Common Stock
LYFT,Lyft Inc A,NASDAQ,Common Stock
LYG,Lloyds Banking Group Plc-ADR,NYSE,ADR
LYRA,Lyra Therapeutics Inc,NASDAQ,Common Stock
LYTS,LSI Industries Inc,NASDAQ,Common Stock
LYV,Live Nation Entertainment,NYSE,Common Stock
LZ,Legalzoomcom Inc,NASDAQ,Common Stock
LZB,La-Z-Boy Inc,NYSE,Common Stock
LZM,Lifezone Metals Ltd,NYSE,Common Stock
M,Macy's Inc,NYSE,Common Stock
MA,Mastercard Incorporated,NYSE,Common Stock
MAAY,GraniteShares YieldBOOST MARA ETF,NASDAQ,ETF
MACI,Melar Acquisition Corp I,NASDAQ,Common Stock
MAGH,Magnitude International Ltd,NASDAQ,Common Stock
MAGN,Magnera Corp,NYSE,Common Stock
MAGS,Roundhill Magnificent Seven ETF,Cboe,ETF
MAIA,MAIA Biotechnology Inc,NYSE American,Common Stock
MAMA,Mama's Creations Inc,NASDAQ,Common Stock
MAMO,Massimo Group,NASDAQ,Common Stock
MAN,Manpowergroup Inc,NYSE,Common Stock
MANE,VeraDermics Inc,NYSE,Common Stock
MANH,Manhattan Associates Inc,NASDAQ,Common Stock
MANU,Manchester United plc,NYSE,Common Stock
MAPS,Wm Technology Inc,NASDAQ,Common Stock
MAR,Marriott International,NASDAQ,Common Stock
MARA,MARA Holdings Inc,NASDAQ CAP,Common Stock
MARM,FT Vest U.S. Equity Max Buffer ETF March,Cboe,ETF
MAS,Masco Corp,NYSE,Common Stock
MASI,Masimo Corporation,NASDAQ,Common Stock
MASS,908 Devices Inc,NASDAQ,Common Stock
MAT,Mattel Inc,NASDAQ,Common Stock
MATV,Mativ Inc,NYSE,Common Stock
MATW,Matthews Intl Corp-Class A,NASDAQ,Common Stock
MATX,Matson Inc,NYSE,Common Stock
MAX,Mediaalpha Inc,NYSE,Common Stock
MAXN,Maxeon Solar Technologie,NASDAQ,Common Stock
MAYS,Mays Inc,NASDAQ,Common Stock
MAZE,Maze Therapeutics Inc,NASDAQ,Common Stock
MB,Masterbeef Group,NASDAQ,Common Stock
MBAI,Check Cap Ltd,NASDAQ CAP,Common Stock
MBAV,M3-Brigade Acquisition V Corp,NASDAQ,Common Stock
MBB,iShares MBS ETF,NASDAQ,ETF
MBI,MBIA Inc,NYSE,Common Stock
MBIN,Merchants Bancorp,NASDAQ,Common Stock
MBIO,Mustang Bio Inc,NASDAQ,Common Stock
MBLY,Mobileye Global Inc,NASDAQ,Common Stock
MBOT,Microbot Medical Inc.,NASDAQ,Common Stock
MBRX,Moleculin Biotech Inc,NASDAQ,Common Stock
MBUU,Malibu Boats Inc A,NASDAQ,Common Stock
MBWM,Mercantile Bank Corp,NASDAQ,Common Stock
MBX,Mbx Biosciences Inc,NASDAQ,Common Stock
MC,Moelis & Co,NYSE,Common Stock
MCB,Metropolitan Bank Holding Co,NYSE,Common Stock
MCBS,Metrocity Bankshares Inc,NASDAQ,Common Stock
MCD,McDonald's Corp,NYSE,Common Stock
MCFT,Mastercraft Boat Holdings In,NASDAQ,Common Stock
MCHB,Mechanics Bancorp Class A,NASDAQ,Common Stock
MCHP,Microchip Technology Inc,NASDAQ,Common Stock
MCK,McKesson Corp,NYSE,Common Stock
MCO,Moody's Corp,NYSE,Common Stock
MCRB,Seres Therapeutics Inc,NASDAQ,Common Stock
MCRI,Monarch Casino & Resort Inc,NASDAQ,Common Stock
MCRP,Micropolis AI Robotics,NYSE American,Common Stock
MCS,Marcus Corporation,NYSE,Common Stock
MCW,Mister Car Wash Inc,NASDAQ,Common Stock
MCY,Mercury General Corp,NYSE,Common Stock
MD,Pediatrix Medical Group Inc,NYSE,Common Stock
MDAI,Spectral Ai Inc,NASDAQ,Common Stock
MDB,Mongodb Inc,NASDAQ,Common Stock
MDGL,Madrigal Pharmaceuticals Inc,NASDAQ,Common Stock
MDLN,Medline Inc,NASDAQ,Common Stock
MDLZ,Mondelez International Inc-A,NASDAQ,Common Stock
MDT,Medtronic Inc,NYSE,Common Stock
MDU,MDU Resources Group Inc,NYSE,Common Stock
MDWD,Mediwound Ltd,NASDAQ,Common Stock
MDXG,Mimedx Group Inc,NASDAQ,Common Stock
MDXH,Mdxhealth Sa Adr,NASDAQ,ADR
MEC,Mayville Engineering Co Inc,NYSE,Common Stock
MED,Medifast Inc,NYSE,Common Stock
MEDP,Medpace Holdings Inc,NASDAQ,Common Stock
MEG,Montrose Environmental Group,NYSE,Common Stock
MEGL,Magic Empire Global Ltd,NASDAQ,Common Stock
MEHA,Functional Brands Inc,NASDAQ,Common Stock
MEI,Methode Electronics Inc,NYSE,Common Stock
MELI,Mercadolibre Inc,NASDAQ,Common Stock
MENS,Jyong Biotech Ltd,NASDAQ,Common Stock
MERC,Mercer International Inc,NASDAQ,Common Stock
MESO,Mesoblast Ltd Spon Adr,NASDAQ,ADR
MET,Metlife Inc,NYSE,Common Stock
META,Meta Platforms Inc,NASDAQ,Common Stock
METC,Ramaco Resources Inc,NASDAQ,Common Stock
METCB,Ramaco Resources Inc,NASDAQ,Common Stock
METD,Direxion Daily META Bear 1X Shares,NASDAQ,ETF
METU,Direxion Daily META Bull 2X Shares,NASDAQ,ETF
MFC,Manulife Financial Corp,NYSE,Common Stock
MFIC,MidCap Financial Investment Co,NASDAQ,Common Stock
MFIN,Medallion Financial Corp,NASDAQ,Common Stock
MG,Mistras Group Inc,NYSE,Common Stock
MGA,Magna International Inc,NYSE,Common Stock
MGC,Vanguard Mega Cap ETF,ARCA,ETF
MGEE,MGE Energy Inc,NASDAQ,Common Stock
MGIC,Magic Software Enterprises,NASDAQ,Common Stock
MGIH,Millennium Group International Holdings Ltd,NASDAQ,Common Stock
MGK,Vanguard Mega Cap Growth ETF,ARCA,ETF
MGLD,Marygold Companies Inc.The,NYSE Market,Common Stock
MGM,MGM Resorts International,NYSE,Common Stock
MGN,Megan Holdings Ltd,NASDAQ,Common Stock
MGNI,Magnite Inc,NASDAQ,Common Stock
MGNX,Macrogenics Inc,NASDAQ,Common Stock
MGOV,First Trust Intermediate Government Opportunities ETF,ARCA,ETF
MGPI,Mgp Ingredients Inc,NASDAQ,Common Stock
MGRC,Mcgrath Rentcorp,NASDAQ,Common Stock
MGRT,Mega Fortune Co Ltd,NASDAQ,Common Stock
MGRX,Mangoceuticals Inc,NASDAQ,Common Stock
MGTX,Meiragtx Holdings Plc,NASDAQ,Common Stock
MGV,Vanguard Mega Cap Value ETF,ARCA,ETF
MGX,Metagenomi Therapeutics Inc,NASDAQ,Common Stock
MGY,Magnolia Oil And Gas Corp A,NYSE,Common Stock
MGYR,Magyar Bancorp Inc,NASDAQ,Common Stock
MH,McGraw Hill Inc,NYSE,Common Stock
MHH,Mastech Digital Inc,NYSE American,Common Stock
MHK,Mohawk Industries Inc,NYSE,Common Stock
MHO,M/I Homes Inc,NYSE,Common Stock
MI,NFT Ltd,NYSE American,Common Stock
MIAX,Miami International Holdings Inc,NYSE,Common Stock
MICC,Magnum Ice Cream Company,NYSE,Common Stock
MIDD,Middleby Corp,NASDAQ,Common Stock
MIGI,Mawson Infrastructure Group,NASDAQ,Common Stock
MILN,Global X Millennial Consumer ETF,NASDAQ,ETF
MIMI,Mint Incorporation Ltd,NASDAQ,Common Stock
MIND,Mind Technology Inc,NASDAQ,Common Stock
MIR,Mirion Technologies Inc,NYSE,Common Stock
MIRA,Mira Pharmaceuticals Inc,NASDAQ,Common Stock
MIRM,Mirum Pharmaceuticals Inc,NASDAQ,Common Stock
MISL,First Trust Indxx Aerospace & Defense ETF,ARCA,ETF
MIST,Milestone Pharmaceuticals Inc,NASDAQ,Common Stock
MITK,Mitek Systems Inc,NASDAQ,Common Stock
MITQ,Moving Image Technologies In,NYSE Market,Common Stock
MKC,Mccormick & Co-Non Vtg Shrs,NYSE,Common Stock
MKL,Markel Group Inc,NYSE,Common Stock
MKSI,MKS Inc,NASDAQ,Common Stock
MKTW,Marketwise Inc,NASDAQ,Common Stock
MKTX,Marketaxess Holdings Inc,NASDAQ,Common Stock
MLAB,Mesa Laboratories Inc,NASDAQ,Common Stock
MLCO,Melco Resorts & Entertainment Ltd ADS,NASDAQ,ADR
MLI,Mueller Industries Inc,NYSE,Common Stock
MLKN,MillerKnoll Inc,NASDAQ,Common Stock
MLM,Martin Marietta Materials,NYSE,Common Stock
MLP,Maui Land And Pineapple Co,NYSE,Common Stock
MLPA,GlobalX MLP ETF,ARCA,ETF
MLR,Miller Industries Inc/Tenn,NYSE,Common Stock
MLSS,Milestone Scientific Inc,NYSE Market,Common Stock
MLTX,Moonlake Immunotherapeutics,NASDAQ,Common Stock
MLYS,Mineralys Therapeutics Inc,NASDAQ,Common Stock
MMI,Marcus & Millichap Inc,NYSE,Common Stock
MMM,3M Co,NYSE,Common Stock
MMS,Maximus Inc,NYSE,Common Stock
MMSI,Merit Medical Systems Inc,NASDAQ,Common Stock
MMYT,MakeMyTrip Ltd,NASDAQ,Common Stock
MNDO,Mind Cti Ltd,NASDAQ,Common Stock
MNDY,Monday Com Ltd,NASDAQ,Common Stock
MNKD,Mannkind Corp,NASDAQ,Common Stock
MNOV,Medicinova Inc,NASDAQ,Common Stock
MNPR,Monopar Therapeutics Inc,NASDAQ,Common Stock
MNRO,Monro Inc,NASDAQ,Common Stock
MNSB,Mainstreet Bancshares Inc,NASDAQ,Common Stock
MNSO,Miniso Group Holding Ltd Adr,NYSE,ADR
MNST,Monster Beverage Corp,NASDAQ,Common Stock
MNTK,Montauk Renewables Inc,NASDAQ,Common Stock
MNTN,MNTN Inc,NYSE,Common Stock
MNTS,Momentus Inc,NASDAQ,Common Stock
MNY,Moneyhero Ltd,NASDAQ,Common Stock
MO,Altria Group Inc,NYSE,Common Stock
MOAT,VanEck Morningstar Wide Moat ETF,Cboe,ETF
MOB,Mobilicom Limited,NASDAQ,ADR
MOBX,Mobix Labs Inc,NASDAQ,Common Stock
MOD,Modine Manufacturing Co,NYSE,Common Stock
MOFG,MidWestOne Financial Group Inc,NASDAQ,Common Stock
MOG.A,Moog Inc-Class A,NYSE,Common Stock
MOGU,Mogu Inc Adr,NYSE,ADR
MOH,Molina Healthcare Inc,NYSE,Common Stock
MOLN,Molecular Partners Ag Adr,NASDAQ,ADR
MOMO,Hello Group Inc ADS,NASDAQ,ADR
MOO,VanEck Agribusiness ETF,ARCA,ETF
MORN,Morningstar Inc,NASDAQ,Common Stock
MOS,The Mosaic Company,NYSE,Common Stock
MOV,Movado Group Inc,NYSE,Common Stock
MOVE,Movano Inc,NASDAQ,Common Stock
MP,Mp Materials Corp,NYSE,Common Stock
MPAA,Motorcar Parts of America In,NASDAQ,Common Stock
MPB,Mid Penn Bancorp Inc,NASDAQ,Common Stock
MPC,Marathon Petroleum Corp,NYSE,Common Stock
MPLT,MapLight Therapeutics Inc,NASDAQ,Common Stock
MPTI,M Tron Industries Inc,NYSE Market,Common Stock
MPU,Mega Matrix Corp,NYSE American,Common Stock
MPWR,Monolithic Power Systems Inc,NASDAQ,Common Stock
MPX,Marine Products Corp,NYSE,Common Stock
MQ,Marqeta Inc A,NASDAQ,Common Stock
MRAL,GraniteShares 2x Long MARA Daily ETF,NASDAQ,ETF
MRAM,Everspin Technologies Inc,NASDAQ,Common Stock
MRBK,Meridian Corp,NASDAQ,Common Stock
MRCY,Mercury Systems Inc,NASDAQ,Common Stock
MREO,Mereo Biopharma Group Pl-Adr,NASDAQ,ADR
MRK,Merck & Co. Inc.,NYSE,Common Stock
MRKR,Marker Therapeutics Inc.,NASDAQ CAP,Common Stock
MRM,Medirom Healthcare Technolog,NASDAQ,ADR
MRNA,Moderna Inc,NASDAQ,Common Stock
MRNO,Murano Global Investments PLC Ordinary Shares,NASDAQ,Common Stock
MRSH,Marsh & McLennan Cos Inc,NYSE,Common Stock
MRT,Marti Technologies Inc,NYSE Market,Common Stock
MRTN,Marten Transport Ltd,NASDAQ,Common Stock
MRVI,Maravai Lifesciences Hldgs A,NASDAQ,Common Stock
MRVL,Marvell Technology Inc,NASDAQ,Common Stock
MRX,Marex Group PLC,NASDAQ,Common Stock
MS,Morgan Stanley,NYSE,Common Stock
MSA,MSA Safety Inc,NYSE,Common Stock
MSAI,MultiSensor AI Holdings Inc,NASDAQ,Common Stock
MSBI,Midland States Bancorp Inc,NASDAQ,Common Stock
MSC,Studio City Internationa-Adr,NYSE,ADR
MSCI,MSCI Inc,NYSE,Common Stock
MSDD,GraniteShares 2x Short MSTR Daily ETF,NASDAQ,ETF
MSEX,Middlesex Water Co,NASDAQ,Common Stock
MSFD,Direxion Daily MSFT Bear 1X Shares,NASDAQ,ETF
MSFL,GraniteShares 2x Long MSFT Daily ETF,NASDAQ,ETF
MSFO,YieldMax MSFT Option Income Strategy ETF,ARCA,ETF
MSFT,Microsoft Corp,NASDAQ,Common Stock
MSFU,Direxion Daily MSFT Bull 2X Shares,NASDAQ,ETF
MSGE,Madison Square Garden Entert,NYSE,Common Stock
MSGM,Motorsport Games Inca,NASDAQ,Common Stock
MSGS,Madison Square Garden Sports C,NYSE,Common Stock
MSGY,Masonglory Ltd,NASDAQ,Common Stock
MSI,Motorola Solutions Inc,NYSE,Common Stock
MSII,REX MSTR Growth & Income ETF,Cboe,ETF
MSM,MSC Industrial Direct Co-A,NYSE,Common Stock
MSTP,GraniteShares 2x Long MSTR Daily ETF,NASDAQ,ETF
MSTR,Strategy Inc Common Stock Class A,NASDAQ,Common Stock
MSTU,T-REX 2X Long MSTR Daily Target ETF,Cboe,ETF
MSTY,YieldMax MSTR Option Income Strategy ETF,ARCA,ETF
MSTZ,T-REX 2X Inverse MSTR Daily Target ETF,Cboe,ETF
MSW,Ming Shing Group Holdings Ltd,NASDAQ,Common Stock
MT,Arcelormittal-Ny Registered,NYSE,ADR
MTB,M&T Bank Corp,NYSE,Common Stock
MTCH,Match Group Inc,NASDAQ,Common Stock
MTD,Mettler-Toledo International,NYSE,Common Stock
MTDR,Matador Resources Co,NYSE,Common Stock
MTEX,Mannatech Inc,NASDAQ,Common Stock
MTG,MGIC Investment Corp,NYSE,Common Stock
MTH,Meritage Homes Corp,NYSE,Common Stock
MTLS,Materialise Nv Adr,NASDAQ,ADR
MTN,Vail Resorts Inc,NYSE,Common Stock
MTRN,Materion Corp,NYSE,Common Stock
MTRX,Matrix Service Co,NASDAQ,Common Stock
MTSI,MACOM Technology Solutions Holdings Inc,NASDAQ,Common Stock
MTUS,Metallus Inc,NYSE,Common Stock
MTVA,MetaVia Inc,NASDAQ CAP,Common Stock
MTW,Manitowoc Company Inc,NYSE,Common Stock
MTX,Minerals Technologies Inc,NYSE,Common Stock
MTYY,GraniteShares YieldBOOST MSTR ETF,NASDAQ,ETF
MTZ,Mastec Inc,NYSE,Common Stock
MU,Micron Technology Inc,NASDAQ,Common Stock
MUD,Direxion Daily MU Bear 1X Shares,NASDAQ,ETF
MUFG,Mitsubishi Ufj Finl Spon Adr,NYSE,ADR
MULL,GraniteShares 2x Long MU Daily ETF,NASDAQ,ETF
MUR,Murphy Oil Corp,NYSE,Common Stock
MUSA,Murphy USA Inc,NYSE,Common Stock
MUU,Direxion Daily MU Bull 2X Shares,NASDAQ,ETF
MUX,McEwen Inc,NYSE,Common Stock
MVBF,Mvb Financial Corp,NASDAQ,Common Stock
MVIS,Microvision Inc,NASDAQ,Common Stock
MVLL,GraniteShares 2x Long MRVL Daily ETF,NASDAQ,ETF
MVST,Microvast Holdings Inc,NASDAQ CAP,Common Stock
MWA,Mueller Water Products Inc-A,NYSE,Common Stock
MWYN,Marwynn Holdings Inc,NASDAQ,Common Stock
MX,Magnachip Semiconductor Corp,NYSE,Common Stock
MXC,Mexco Energy Corp,NYSE American,Common Stock
MXCT,Maxcyte Inc,NASDAQ,Common Stock
MXI,iShares Global Materials ETF,ARCA,ETF
MXL,MaxLinear Inc-Class A,NASDAQ,Common Stock
MYE,Myers Industries Inc,NYSE,Common Stock
MYFW,First Western Financial Inc,NASDAQ,Common Stock
MYGN,Myriad Genetics Inc,NASDAQ,Common Stock
MYO,Myomo Inc,NYSE American,Common Stock
MYPS,Playstudios Inc,NASDAQ,Common Stock
MYRG,MYR Group Inc/Delaware,NASDAQ,Common Stock
MYSE,Myseum Inc,NASDAQ CAP,Common Stock
MYSZ,My Size Inc,NASDAQ,Common Stock
MZTI,The Marzetti Company Common Stock,NASDAQ,Common Stock
NABL,N Able Inc,NYSE,Common Stock
NAGE,Niagen Bioscience Inc,NASDAQ CAP,Common Stock
NAII,Natural Alternatives Intl,NASDAQ,Common Stock
NAK,Northern Dynasty Minerals,NYSE American,Common Stock
NAKA,Nakamoto Inc,NASDAQ,Common Stock
NAMM,Namib Minerals,NASDAQ,Common Stock
NAMS,Newamsterdam Pharma Co Nv,NASDAQ,Common Stock
NAT,Nordic American Tankers Ltd,NYSE,Common Stock
NATH,Nathan's Famous Inc,NASDAQ,Common Stock
NATL,Ncr Atleos Corp,NYSE,Common Stock
NATR,Natures Sunshine Prods Inc,NASDAQ,Common Stock
NAUT,Nautilus Biotechnology Inc,NASDAQ,Common Stock
NAVI,Navient Corporation,NASDAQ,Common Stock
NAVN,Navan Inc,NASDAQ,Common Stock
NB,Niocorp Developments Ltd,NASDAQ,Common Stock
NBBK,NB Bancorp Inc,NASDAQ,Common Stock
NBHC,National Bank Holdings Corp,NYSE,Common Stock
NBIL,GraniteShares 2x Long NBIS Daily ETF,NASDAQ,ETF
NBIS,Nebius Group NV,NASDAQ,Common Stock
NBIX,Neurocrine Biosciences Inc,NASDAQ,Common Stock
NBN,Northeast Bank,NASDAQ,Common Stock
NBP,NovaBridge Biosciences,NASDAQ,ADR
NBR,Nabors Industries Ltd,NYSE,Common Stock
NBTB,NBT Bancorp Inc,NASDAQ,Common Stock
NC,Nacco Industries-Cl A,NYSE,Common Stock
NCEL,NewcelX Ltd,NASDAQ,Common Stock
NCEW,New Century Logistics BVI Ltd,NASDAQ,Common Stock
NCLH,Norwegian Cruise Line Holdin,NYSE,Common Stock
NCMI,National Cinemedia Inc,NASDAQ,Common Stock
NCNA,Nucana Plc Adr,NASDAQ,ADR
NCNO,nCino Inc,NASDAQ,Common Stock
NCPL,Netcapital Inc,NASDAQ,Common Stock
NCSM,Ncs Multistage Holdings Inc,NASDAQ,Common Stock
NCT,Intercont Cayman Ltd,NASDAQ,Common Stock
NCTY,The9 Ltd Adr,NASDAQ,ADR
NDAQ,Nasdaq Inc.,NASDAQ,Common Stock
NDLS,Noodles & Co,NASDAQ,Common Stock
NDRA,Endra Life Sciences Inc,NASDAQ,Common Stock
NDSN,Nordson Corp,NASDAQ,Common Stock
NE,Noble Corp PLC,NYSE,Common Stock
NECB,Northeast Community Bancorp,NASDAQ,Common Stock
NEE,NextEra Energy Inc,NYSE,Common Stock
NEGG,Newegg Commerce Inc,NASDAQ,Common Stock
NEM,Newmont Corp,NYSE,Common Stock
NEO,NeoGenomics Inc,NASDAQ,Common Stock
NEOG,Neogen Corp,NASDAQ,Common Stock
NEON,Neonode Inc,NASDAQ,Common Stock
NEOV,NeoVolta Inc,NASDAQ,Common Stock
NEPH,Nephros Inc,NASDAQ,Common Stock
NERV,Minerva Neurosciences Inc,NASDAQ CAP,Common Stock
NESR,National Energy Services Reu,NASDAQ,Common Stock
NET,Cloudflare Inc Class A,NYSE,Common Stock
NEU,NewMarket Corp,NYSE,Common Stock
NEUP,Neuphoria Therapeutics Inc,NASDAQ,Common Stock
NEXA,Nexa Resources Sa,NYSE,Common Stock
NEXN,Nexxen International Ltd,NASDAQ,ADR
NEXT,Nextdecade Corp,NASDAQ,Common Stock
NFBK,Northfield Bancorp Inc,NASDAQ,Common Stock
NFE,New Fortress Energy Inc. ,NASDAQ,Common Stock
NFG,National Fuel Gas Co,NYSE,Common Stock
NFLX,Netflix Inc,NASDAQ,Common Stock
NFTY,First Trust India NIFTY 50 Equal Weight ETF,NASDAQ,ETF
NFXL,Direxion Daily NFLX Bull 2X Shares,NASDAQ,ETF
NFXS,Direxion Daily NFLX Bear 1X Shares,NASDAQ,ETF
NG,Novagold Resources Inc,NYSE American,Common Stock
NGD,New Gold Inc,NYSE American,Common Stock
NGG,National Grid Plc-Sp Adr,NYSE,ADR
NGNE,Neurogene Inc,NASDAQ,Common Stock
NGS,Natural Gas Services Group,NYSE,Common Stock
NGVC,Natural Grocers By Vitamin C,NYSE,Common Stock
NGVT,Ingevity Corp,NYSE,Common Stock
NHC,National Healthcare Corp,NYSE American,Common Stock
NHTC,Natural Health Trends Corp,NASDAQ,Common Stock
NI,Nisource Inc,NYSE,Common Stock
NIC,Nicolet Bankshares Inc,NYSE,Common Stock
NICE,Nice Ltd Spon Adr,NASDAQ,ADR
NIO,Nio Inc,NYSE,ADR
NIQ,NIQ Global Intelligence Plc,NYSE,Common Stock
NISN,NiSun International Enterprise Development Group Co. Ltd. Class A Common Shares,NASDAQ,Common Stock
NITO,N2OFF Inc,NASDAQ CAP,Common Stock
NIU,Niu Technologies-Adr,NASDAQ,ADR
NIVF,NewGenIvf Group Limited ,NASDAQ,Common Stock
NIXX,Nixxy Inc,NASDAQ,Common Stock
NJR,New Jersey Resources Corp,NYSE,Common Stock
NKE,Nike Inc -Cl B,NYSE,Common Stock
NKLR,Terra Innovatum Global NV,NASDAQ,Common Stock
NKSH,National Bankshares Inc/Va,NASDAQ,Common Stock
NKTR,Nektar Therapeutics,NASDAQ,Common Stock
NKTX,Nkarta Inc,NASDAQ,Common Stock
NL,NL Industries,NYSE,Common Stock
NLR,VanEck Uranium and Nuclear ETF,ARCA,ETF
NMAX,Newsmax Inc,NYSE,Common Stock
NMG,Nouveau Monde Graphite Inc,NYSE,Common Stock
NMIH,NMI Holdings Inc,NASDAQ,Common Stock
NMRA,Neumora Therapeutics Inc,NASDAQ,Common Stock
NMRK,Newmark Group Inc-Class A,NASDAQ,Common Stock
NMTC,Neuroone Medical Technologie,NASDAQ,Common Stock
NN,Nextnav Inc,NASDAQ,Common Stock
NNBR,NN Inc,NASDAQ,Common Stock
NNDM,Nano Dimension Ltd Adr,NASDAQ,ADR
NNE,Nano Nuclear Energy Inc,NASDAQ,Common Stock
NNI,Nelnet Inc-Cl A,NYSE,Common Stock
NNOX,Nano X Imaging Ltd,NASDAQ,Common Stock
NNVC,NanoViricides Inc,NYSE American,Common Stock
NOAH,Noah Holdings Ads,NYSE,ADR
NOBL,ProShares S&P 500 Dividend Aristocrats ETF,Cboe,ETF
NOC,Northrop Grumman Corp,NYSE,Common Stock
NODK,Ni Holdings Inc,NASDAQ,Common Stock
NOEM,CO2 Energy Transition Corp,NASDAQ,Common Stock
NOG,Northern Oil And Gas Inc,NYSE,Common Stock
NOK,Nokia Corp-Spon Adr,NYSE,ADR
NOMA,Nomadar Corp,NASDAQ,Common Stock
NOMD,Nomad Foods Ltd,NYSE,Common Stock
NOTE,Fiscalnote Holdings Inc,NYSE,Common Stock
NOTV,Inotiv Inc. Common Stock,NASDAQ,Common Stock
NOV,NOV Inc,NYSE,Common Stock
NOVT,Novanta Inc,NASDAQ,Common Stock
NOW,ServiceNow Inc,NYSE,Common Stock
NOWL,GraniteShares 2x Long NOW Daily ETF,NASDAQ,ETF
NP,Neptune Insurance Holdings Inc,NYSE,Common Stock
NPB,Northpointe Bancshares Inc,NYSE,Common Stock
NPCE,Neuropace Inc,NASDAQ,Common Stock
NPK,National Presto Inds Inc,NYSE,Common Stock
NPKI,NPK International Inc,NYSE,Common Stock
NPO,Enpro Inc,NYSE,Common Stock
NPWR,Net Power Inc,NYSE,Common Stock
NRC,National Research Corp,NASDAQ,Common Stock
NRDS,Nerdwallet Inc Cl A,NASDAQ,Common Stock
NRDY,Nerdy Inc,NYSE,Common Stock
NRG,NRG Energy Inc,NYSE,Common Stock
NRGV,Energy Vault Holdings Inc,NYSE,Common Stock
NRIM,Northrim Bancorp Inc,NASDAQ,Common Stock
NRIX,Nurix Therapeutics Inc,NASDAQ,Common Stock
NRSN,Neurosense Therapeutics Ltd,NASDAQ,Common Stock
NRXP,NRX Therapeutics Inc,NASDAQ CAP,Common Stock
NRXS,Neuraxis Inc,NYSE Market,Common Stock
NSC,Norfolk Southern Corp,NYSE,Common Stock
NSIT,Insight Enterprises Inc,NASDAQ,Common Stock
NSP,Insperity Inc,NYSE,Common Stock
NSPR,Inspiremd Inc,NASDAQ,Common Stock
NSSC,Napco Security Technologies,NASDAQ,Common Stock
NSTS,Nsts Bancorp Inc,NASDAQ,Common Stock
NSYS,Nortech Systems Inc,NASDAQ,Common Stock
NTAP,NetApp Inc,NASDAQ,Common Stock
NTB,Bank Of N T Butterfield And Son,NYSE,Common Stock
NTCT,NetScout Systems Inc,NASDAQ,Common Stock
NTES,Netease Inc Adr,NASDAQ,ADR
NTGR,Netgear Inc,NASDAQ,Common Stock
NTIC,Northern Technologies Intl,NASDAQ,Common Stock
NTLA,Intellia Therapeutics Inc,NASDAQ,Common Stock
NTNX,Nutanix Inc - A,NASDAQ,Common Stock
NTR,Nutrien Ltd,NYSE,Common Stock
NTRA,Natera Inc,NASDAQ,Common Stock
NTRB,Nutriband Inc,NASDAQ,Common Stock
NTRP,NextTrip Inc,NASDAQ CAP,Common Stock
NTRS,Northern Trust Corp,NASDAQ,Common Stock
NTSK,Netskope Inc,NASDAQ,Common Stock
NTWK,Netsol Technologies Inc,NASDAQ,Common Stock
NTWO,Newbury Street II Acquisition Corp,NASDAQ,Common Stock
NU,Nu Holdings Ltd,NYSE,Common Stock
NUAI,New Era Energy & Digital Inc Common Stock,NASDAQ,Common Stock
NUE,Nucor Corp,NYSE,Common Stock
NUGT,Direxion Daily Gold Miners Index Bull 2X Shares,ARCA,ETF
NUKK,Nukkleus Inc,NASDAQ,Common Stock
NUS,NU Skin Enterprises Inc - A,NYSE,Common Stock
NUTR,Nusatrip Inc,NASDAQ,Common Stock
NUTX,Nutex Health Inc,NASDAQ,Common Stock
NUVB,Nuvation Bio Inc,NYSE,Common Stock
NUVL,Nuvalent Inc A,NASDAQ,Common Stock
NUWE,Nuwellis Inc. Common Stock,NASDAQ,Common Stock
NVA,Nova Minerals Ltd,NASDAQ,ADR
NVAX,Novavax Inc,NASDAQ,Common Stock
NVCR,Novocure Ltd,NASDAQ,Common Stock
NVCT,Nuvectis Pharma Inc,NASDAQ,Common Stock
NVD,GraniteShares 2x Short NVDA Daily ETF,NASDAQ,ETF
NVDA,Nvidia Corp,NASDAQ,Common Stock
NVDD,Direxion Daily NVDA Bear 1X Shares,NASDAQ,ETF
NVDG,Leverage Shares 2X Long NVDA Daily ETF,NASDAQ,ETF
NVDL,GraniteShares 2x Long NVDA Daily ETF,NASDAQ,ETF
NVDQ,T-REX 2X Inverse NVIDIA Daily Target ETF,Cboe,ETF
NVDU,Direxion Daily NVDA Bull 2X Shares,NASDAQ,ETF
NVDW,Roundhill NVDA WeeklyPay ETF,Cboe,ETF
NVDX,T-REX 2X Long NVIDIA Daily Target ETF,Cboe,ETF
NVDY,YieldMax NVDA Option Income Strategy ETF,ARCA,ETF
NVEC,NVE Corp,NASDAQ,Common Stock
NVGS,Navigator Holdings Ltd,NYSE,Common Stock
NVII,REX NVDA Growth & Income ETF,Cboe,ETF
NVMI,Nova Ltd,NASDAQ,Common Stock
NVNI,Nvni Group Ltd,NASDAQ,Common Stock
NVNO,enVVeno Medical Corporation,NASDAQ,Common Stock
NVO,Novo Nordisk A S Spons Adr,NYSE,ADR
NVR,NVR Inc,NYSE,Common Stock
NVRI,Enviri Corp,NYSE,Common Stock
NVS,Novartis AG ADR,NYSE,ADR
NVST,Envista Holdings Corp,NYSE,Common Stock
NVT,Nvent Electric Plc,NYSE,Common Stock
NVTS,Navitas Semiconductor Corp,NASDAQ,Common Stock
NVVE,Nuvve Holding Corp. Common Stock,NASDAQ,Common Stock
NVX,Novonix Ltd-Adr,NASDAQ,ADR
NVYY,GraniteShares YieldBOOST NVDA ETF,NASDAQ,ETF
NWBI,Northwest Bancshares Inc,NASDAQ,Common Stock
NWE,NorthWestern Energy Group Inc,NASDAQ,Common Stock
NWFL,Norwood Financial Corp,NASDAQ,Common Stock
NWG,Natwest Group Plc,NYSE,ADR
NWGL,CL Workshop Group Ltd,NASDAQ CAP,ADR
NWL,Newell Brands Inc,NASDAQ,Common Stock
NWN,Northwest Natural Gas Co,NYSE,Common Stock
NWPX,NWPX Infrastructure Inc,NASDAQ,Common Stock
NWS,News Corp - Class B,NASDAQ,Common Stock
NWSA,News Corp - Class A,NASDAQ,Common Stock
NWTG,Newton Golf Company Inc,NASDAQ,Common Stock
NX,Quanex Building Products,NYSE,Common Stock
NXDR,Nextdoor Holdings Inc,NYSE,Common Stock
NXE,Nexgen Energy Ltd,NYSE,Common Stock
NXGL,Nexgel Inc,NASDAQ,Common Stock
NXL,Nexalin Technology Inc,NASDAQ,Common Stock
NXPI,Nxp Semiconductors Nv,NASDAQ,Common Stock
NXPL,NextPlat Corp,NASDAQ CAP,Common Stock
NXST,Nexstar Media Group Inc. Cl A,NASDAQ,Common Stock
NXT,Nextpower Inc,NASDAQ,Common Stock
NXTC,Nextcure Inc,NASDAQ,Common Stock
NXTG,First Trust Indxx NextG ETF,NASDAQ,ETF
NXXT,NextNRG Inc,NASDAQ CAP,Common Stock
NYT,New York Times Co-A,NYSE,Common Stock
NYXH,Nyxoah Sa,NASDAQ,Common Stock
OABI,Omniab Inc,NASDAQ,Common Stock
OACC,Oaktree Acquisition Corp III Life Sciences,NASDAQ,Common Stock
OAKU,Oak Woods Acquisition Corp,NASDAQ,Common Stock
OBDC,Blue Owl Capital Corp,NYSE,Common Stock
OBE,Obsidian Energy Ltd,NYSE American,Common Stock
OBIO,Orchestra Biomed Holdings In,NASDAQ,Common Stock
OBK,Origin Bancorp Inc,NYSE,Common Stock
OBT,Orange County Bancorp Inc,NASDAQ,Common Stock
OC,Owens Corning,NYSE,Common Stock
OCC,Optical Cable Corp,NASDAQ,Common Stock
OCFC,Oceanfirst Financial Corp,NASDAQ,Common Stock
OCG,Oriental Culture Holding Ltd,NASDAQ,Common Stock
OCGN,Ocugen Inc. Common Stock,NASDAQ,Common Stock
OCS,Oculis Holding AG,NASDAQ,Common Stock
OCUL,Ocular Therapeutix Inc,NASDAQ,Common Stock
ODC,Oil-Dri Corp of America,NYSE,Common Stock
ODFL,Old Dominion Freight Line,NASDAQ,Common Stock
OEC,Orion SA,NYSE,Common Stock
OEF,iShares S&P 100 ETF,ARCA,ETF
OESX,Orion Energy Systems Inc,NASDAQ,Common Stock
OFAL,OFA Group Class A Ordinary Shares,NASDAQ,Common Stock
OFG,Ofg Bancorp,NYSE,Common Stock
OFIX,Orthofix Medical Inc,NASDAQ,Common Stock
OFLX,Omega Flex Inc,NASDAQ,Common Stock
OGE,OGE Energy Corp,NYSE,Common Stock
OGEN,Oragenics Inc,NYSE American,Common Stock
OGN,Organon And Co,NYSE,Common Stock
OGS,ONE Gas Inc,NYSE,Common Stock
OI,O-I Glass Inc,NYSE,Common Stock
OIH,VanEck Oil Services ETF,ARCA,ETF
OII,Oceaneering Intl Inc,NYSE,Common Stock
OIS,Oil States International Inc,NYSE,Common Stock
OKE,ONEOK Inc,NYSE,Common Stock
OKLO,Oklo Inc,NYSE,Common Stock
OKTA,Okta Inc,NASDAQ,Common Stock
OKUR,OnKure Therapeutics Inc,NASDAQ,Common Stock
OLB,Olb Group Inc,NASDAQ,Common Stock
OLED,Universal Display Corp,NASDAQ,Common Stock
OLLI,Ollie'S Bargain Outlet Holdi,NASDAQ,Common Stock
OLMA,Olema Pharmaceuticals Inc,NASDAQ,Common Stock
OLN,Olin Corp,NYSE,Common Stock
OLOX,Olenox Industries Inc,NASDAQ CAP,Common Stock
OLPX,Olaplex Holdings Inc,NASDAQ,Common Stock
OM,Outset Medical Inc,NASDAQ,Common Stock
OMAB,Grupo Aeroportuario Cen Adr,NASDAQ,ADR
OMC,Omnicom Group,NYSE,Common Stock
OMCL,Omnicell Inc,NASDAQ,Common Stock
OMDA,Omada Health Inc,NASDAQ,Common Stock
OMER,Omeros Corp,NASDAQ,Common Stock
OMEX,Odyssey Marine Exploration,NASDAQ,Common Stock
OMF,Onemain Holdings Inc,NYSE,Common Stock
OMSE,OMS Energy Technologies Inc,NASDAQ,Common Stock
ON,On Semiconductor Corporation,NASDAQ,Common Stock
ONB,Old National Bancorp,NASDAQ,Common Stock
ONC,BeOne Medicines Ltd,NASDAQ,ADR
ONCO,Onconetix Inc,NASDAQ CAP,Common Stock
ONDS,Ondas Inc,NASDAQ CAP,Common Stock
ONEW,Onewater Marine Inc Cl A,NASDAQ,Common Stock
ONFO,Onfolio Holdings Inc,NASDAQ,Common Stock
ONIT,Onity Group Inc,NYSE,Common Stock
ONON,On Holding Ag Class A,NYSE,Common Stock
ONTF,On24 Inc,NYSE,Common Stock
ONTO,Onto Innovation Inc,NYSE,Common Stock
OOMA,Ooma Inc,NYSE,Common Stock
OPAD,Offerpad Solutions Inc,NYSE,Common Stock
OPAL,Opal Fuels Inc A,NASDAQ,Common Stock
OPBK,Op Bancorp,NASDAQ,Common Stock
OPCH,Option Care Health Inc. Common Stock,NASDAQ,Common Stock
OPEN,Opendoor Technologies Inc,NASDAQ,Common Stock
OPFI,Oppfi Inc,NYSE,Common Stock
OPHC,Optimumbank Holdings Inc,NYSE American,Common Stock
OPK,Opko Health Inc,NASDAQ,Common Stock
OPLN,OPENLANE Inc,NYSE,Common Stock
OPPJ,WisdomTree Japan Opportunities Fund,NASDAQ,ETF
OPRA,Opera Ltd Adr,NASDAQ,ADR
OPRT,Oportun Financial Corp,NASDAQ,Common Stock
OPRX,Optimizerx Corp,NASDAQ,Common Stock
OPTT,Ocean Power Technologies Inc,NYSE American,Common Stock
OPTU,Optimum Communications Inc,NYSE,Common Stock
OPTX,Syntec Optics Holdings Inc,NASDAQ,Common Stock
OPXS,Optex Systems Holdings Inc,NASDAQ,Common Stock
OPY,Oppenheimer Holdings-Cl A,NYSE,Common Stock
OR,OR Royalties Inc,NYSE,Common Stock
ORA,Ormat Technologies Inc,NYSE,Common Stock
ORBS,Eightco Holdings Inc,NASDAQ CAP,Common Stock
ORCL,Oracle Corp,NYSE,Common Stock
ORGN,Origin Materials Inc,NASDAQ,Common Stock
ORGO,Organogenesis Holdings Inc,NASDAQ,Common Stock
ORI,Old Republic Intl Corp,NYSE,Common Stock
ORIC,Oric Pharmaceuticals Inc,NASDAQ,Common Stock
ORKA,Oruka Therapeutics Inc,NASDAQ,Common Stock
ORKT,Orangekloud Technology Inc,NASDAQ,Common Stock
ORLY,O'Reilly Automotive Inc,NASDAQ,Common Stock
ORMP,Oramed Pharmaceuticals Inc,NASDAQ,Common Stock
ORN,Orion Group Holdings Inc,NYSE,Common Stock
ORRF,Orrstown Finl Services Inc,NASDAQ,Common Stock
OS,Onestream Inc,NASDAQ,Common Stock
OSBC,Old Second Bancorp Inc,NASDAQ,Common Stock
OSCR,Oscar Health Inc Class A,NYSE,Common Stock
OSG,Octave Specialty Group Inc,NYSE,Common Stock
OSIS,OSI Systems Inc,NASDAQ,Common Stock
OSK,Oshkosh Corp,NYSE,Common Stock
OSPN,VASCO Data Security International Inc. Common Stock,NASDAQ,Common Stock
OSRH,OSR Holdings Inc,NASDAQ,Common Stock
OSS,One Stop Systems Inc,NASDAQ,Common Stock
OSTX,Os Therapies Inc,NYSE Market,Common Stock
OSUR,Orasure Technologies Inc,NASDAQ,Common Stock
OSW,Onespaworld Holdings Ltd,NASDAQ,Common Stock
OTEX,Open Text Corp,NASDAQ,Common Stock
OTH,Off The Hook YS Inc,NYSE Market,Common Stock
OTIS,Otis Worldwide Corp,NYSE,Common Stock
OTLK,Outlook Therapeutics Inc,NASDAQ,Common Stock
OTLY,Oatly Group Ab,NASDAQ,ADR
OTTR,Otter Tail Corp,NASDAQ,Common Stock
OUST,Ouster Inc,NASDAQ,Common Stock
OVBC,Ohio Valley Banc Corp,NASDAQ,Common Stock
OVID,Ovid Therapeutics Inc,NASDAQ CAP,Common Stock
OVLY,Oak Valley Bancorp,NASDAQ,Common Stock
OVV,Ovintiv Inc,NYSE,Common Stock
OWL,Blue Owl Capital Inc,NYSE,Common Stock
OWLS,OBOOK Holdings Inc,NASDAQ,Common Stock
OWLT,Owlet Inc,NYSE,Common Stock
OXM,Oxford Industries Inc,NYSE,Common Stock
OXY,Occidental Petroleum Corp,NYSE,Common Stock
OZK,Bank OZK,NASDAQ,Common Stock
PAAS,Pan American Silver Corp,NYSE,Common Stock
PAC,Grupo Aeroportuario Pac Adr,NYSE,ADR
PACB,Pacific Biosciences of Calif,NASDAQ,Common Stock
PACK,Ranpak Holdings Corp,NYSE,Common Stock
PACS,Pacs Group Inc,NYSE,Common Stock
PAG,Penske Automotive Group Inc,NYSE,Common Stock
PAGP,Plains Gp Holdings Lp Cl A,NASDAQ,Common Stock
PAGS,Pagseguro Digital Ltd Cl A,NYSE,Common Stock
PAHC,Phibro Animal Health Corp-A,NASDAQ,Common Stock
PAL,Proficient Auto Logistics Inc,NASDAQ,Common Stock
PALD,Direxion Daily PANW Bear 1X Shares,NASDAQ,ETF
PALI,Palisade Bio Inc,NASDAQ,Common Stock
PALU,Direxion Daily PANW Bull 2X Shares,NASDAQ,ETF
PAM,Pampa Energia Sa Spon Adr,NYSE,ADR
PAMT,PAMT CORP,NASDAQ,Common Stock
PANL,Pangaea Logistics Solutions,NASDAQ,Common Stock
PANW,Palo Alto Networks Inc,NASDAQ,Common Stock
PAR,Par Technology Corp,NYSE,Common Stock
PARK,Park Dental Partners Inc,NASDAQ,Common Stock
PARR,Par Pacific Holdings Inc,NYSE,Common Stock
PASG,Passage Bio Inc,NASDAQ CAP,Common Stock
PASW,Ping An Biomedical Co Ltd,NASDAQ CAP,Common Stock
PATH,Uipath Inc Class A,NYSE,Common Stock
PATK,Patrick Industries Inc,NASDAQ,Common Stock
PAVE,Global X US Infrastructure Development ETF,Cboe,ETF
PAVM,Pavmed Inc,NASDAQ,Common Stock
PAX,Patria Investments Ltd A,NASDAQ,Common Stock
PAY,Paymentus Holdings Inc A,NYSE,Common Stock
PAYC,Paycom Software Inc,NYSE,Common Stock
PAYO,Payoneer Global Inc,NASDAQ,Common Stock
PAYS,Paysign Inc,NASDAQ,Common Stock
PAYX,Paychex Inc,NASDAQ,Common Stock
PB,Prosperity Bancshares Inc,NYSE,Common Stock
PBA,Pembina Pipeline Corporation,NYSE,Common Stock
PBD,Invesco Global Clean Energy ETF,ARCA,ETF
PBF,PBF Energy Inc-Class A,NYSE,Common Stock
PBFS,Pioneer Bancorp Inc,NASDAQ,Common Stock
PBH,Prestige Consumer Healthcare I,NYSE,Common Stock
PBHC,Pathfinder Bancorp Inc,NASDAQ,Common Stock
PBI,Pitney Bowes Inc,NYSE,Common Stock
PBM,Psyence Biomedical Ltd,NASDAQ,Common Stock
PBR,Petroleo Brasileiro-Spon Adr,NYSE,ADR
PBYI,Puma Biotechnology Inc,NASDAQ,Common Stock
PCAR,PACCAR Inc,NASDAQ,Common Stock
PCB,Pcb Bancorp,NASDAQ,Common Stock
PCEF,Invesco CEF Income Composite ETF,ARCA,ETF
PCG,PG&E Corp,NYSE,Common Stock
PCOR,Procore Technologies Inc,NYSE,Common Stock
PCRX,Pacira BioSciences Inc,NASDAQ,Common Stock
PCSA,Processa Pharmaceuticals Inc. Common Stock,NASDAQ,Common Stock
PCSC,Perceptive Capital Solutions Corp,NASDAQ,Common Stock
PCT,Purecycle Technologies Inc,NASDAQ,Common Stock
PCTY,Paylocity Holding Corp,NASDAQ,Common Stock
PCVX,Vaxcyte Inc,NASDAQ,Common Stock
PCYO,Pure Cycle Corp,NASDAQ,Common Stock
PD,Pagerduty Inc,NYSE,Common Stock
PDD,PDD Holdings Inc,NASDAQ,ADR
PDDL,GraniteShares 2x Long PDD Daily ETF,NASDAQ,ETF
PDEX,Prodex Inc,NASDAQ,Common Stock
PDFS,Pdf Solutions Inc,NASDAQ,Common Stock
PDLB,Ponce Financial Group Inc. Common Stock,NASDAQ,Common Stock
PDS,Precision Drilling Corp,NYSE,Common Stock
PDSB,Pds Biotechnology Corp,NASDAQ,Common Stock
PDYN,Palladyne AI Corp,NASDAQ,Common Stock
PEBK,Peoples Bancorp Of Nc,NASDAQ,Common Stock
PEBO,Peoples Bancorp Inc,NASDAQ,Common Stock
PED,Pedevco Corp,NYSE Market,Common Stock
PEG,Public Service Enterprise Gp,NYSE,Common Stock
PEGA,Pegasystems Inc,NASDAQ,Common Stock
PEN,Penumbra Inc,NYSE,Common Stock
PENG,Penguin Solutions Inc Ordinary Shares,NASDAQ,Common Stock
PENN,PENN Entertainment Inc. Common Stock,NASDAQ,Common Stock
PEP,Pepsico Inc,NASDAQ,Common Stock
PEPG,Pepgen Inc,NASDAQ,Common Stock
PERF,Perfect Corp,NYSE,Common Stock
PERI,Perion Network Ltd,NASDAQ,Common Stock
PESI,Permafix Environmental Svcs,NASDAQ,Common Stock
PETS,Petmed Express Inc,NASDAQ,Common Stock
PETZ,Tdh Holdings Inc,NASDAQ,Common Stock
PFAI,Pinnacle Food Group Ltd,NASDAQ,Common Stock
PFBC,Preferred Bank/Los Angeles,NASDAQ,Common Stock
PFE,Pfizer Inc,NYSE,Common Stock
PFF,iShares Preferred and Income Securities ETF,NASDAQ,ETF
PFFD,GlobalX U.S. Preferred ETF,ARCA,ETF
PFFV,GlobalX Variable Rate Preferred ETF,ARCA,ETF
PFG,Principal Financial Group,NASDAQ,Common Stock
PFGC,Performance Food Group Co,NYSE,Common Stock
PFIS,Peoples Financial Services,NASDAQ,Common Stock
PFS,Provident Financial Services,NYSE,Common Stock
PFSA,Profusa Inc,NASDAQ,Common Stock
PFSI,PNMAC Holdings Inc,NYSE,Common Stock
PFX,PhenixFIN Corp,NASDAQ,Common Stock
PG,The Procter & Gamble Company,NYSE,Common Stock
PGC,PeaPack Gladstone Finl Corp,NASDAQ,Common Stock
PGEN,Precigen Inc. Common Stock,NASDAQ,Common Stock
PGNY,Progyny Inc,NASDAQ,Common Stock
PGR,Progressive Corp,NYSE,Common Stock
PGY,Pagaya Technologies Ltd A,NASDAQ,Common Stock
PH,Parker Hannifin Corp,NYSE,Common Stock
PHAR,Pharming Group Nv - Adr,NASDAQ,ADR
PHAT,Phathom Pharmaceuticals Inc,NASDAQ,Common Stock
PHG,Royal Philips NV ADR,NYSE,ADR
PHGE,Biomx Inc,NYSE American,Common Stock
PHI,PLDT Inc.,NYSE,ADR
PHIN,Phinia Inc,NYSE,Common Stock
PHIO,Phio Pharmaceuticals Corp. Common Stock,NASDAQ,Common Stock
PHM,PulteGroup Inc,NYSE,Common Stock
PHOE,Phoenix Asia Holdings Ltd,NASDAQ,Common Stock
PHR,Phreesia Inc,NYSE,Common Stock
PHUN,Phunware Inc,NASDAQ,Common Stock
PHVS,Pharvaris Nv,NASDAQ,Common Stock
PI,Impinj Inc,NASDAQ,Common Stock
PII,Polaris Inc,NYSE,Common Stock
PIII,P3 Health Partners Inc,NASDAQ,Common Stock
PINS,Pinterest Inc Class A,NYSE,Common Stock
PIO,Invesco Global Water ETF,NASDAQ,ETF
PIPR,Piper Sandler Cos,NYSE,Common Stock
PJT,Pjt Partners Inc A,NYSE,Common Stock
PKBK,Parke Bancorp Inc,NASDAQ,Common Stock
PKE,Park Aerospace Corp,NYSE,Common Stock
PKG,Packaging Corp of America,NYSE,Common Stock
PKOH,Park-Ohio Holdings Corp,NASDAQ,Common Stock
PKX,POSCO Holdings Inc.,NYSE,ADR
PL,Planet Labs Pbc,NYSE,Common Stock
PLAB,Photronics Inc,NASDAQ,Common Stock
PLAY,Dave & Buster'S Entertainmen,NASDAQ,Common Stock
PLBC,Plumas Bancorp,NASDAQ,Common Stock
PLBL,Polibeli Group Ltd,NASDAQ,Common Stock
PLBY,Playboy Inc,NASDAQ,Common Stock
PLCE,Children's Place Inc,NASDAQ,Common Stock
PLMR,Palomar Holdings Inc,NASDAQ,Common Stock
PLNT,Planet Fitness Inc- Cl A,NYSE,Common Stock
PLOW,Douglas Dynamics Inc,NYSE,Common Stock
PLPC,Preformed Line Products Co,NASDAQ,Common Stock
PLRX,Pliant Therapeutics Inc,NASDAQ,Common Stock
PLSE,Pulse Biosciences Inc Common Stock (DE) Reincorporation from Nevada to Delaware,NASDAQ,Common Stock
PLTD,Direxion Daily PLTR Bear 1X Shares,NASDAQ,ETF
PLTI,REX PLTR Growth & Income ETF,Cboe,ETF
PLTK,Playtika Holding Corp,NASDAQ,Common Stock
PLTR,Palantir Technologies Inc,NASDAQ,Common Stock
PLTS,Platinum Analytics Cayman Ltd,NASDAQ,Common Stock
PLTU,Direxion Daily PLTR Bull 2X Shares,NASDAQ,ETF
PLTW,Roundhill PLTR WeeklyPay ETF ,Cboe,ETF
PLTY,YieldMax PLTR Option Income Strategy ETF,ARCA,ETF
PLUG,Plug Power Inc,NASDAQ,Common Stock
PLUR,Pluri Inc,NASDAQ CAP,Common Stock
PLUS,ePlus Inc,NASDAQ,Common Stock
PLUT,Plutus Financial Group Ltd,NASDAQ,Common Stock
PLX,Protalix Biotherapeutics Inc,NYSE Market,Common Stock
PLXS,Plexus Corp,NASDAQ,Common Stock
PLYX,Polaryx Therapeutics Inc,NASDAQ,Common Stock
PLYY,GraniteShares YieldBOOST PLTR ETF,NASDAQ,ETF
PM,Philip Morris International,NYSE,Common Stock
PMCB,Pharmacyte Biotech Inc,NASDAQ,Common Stock
PMI,Picard Medical Inc,NYSE Market,Common Stock
PMTS,Cpi Card Group Inc,NASDAQ,Common Stock
PMVP,Pmv Pharmaceuticals Inc,NASDAQ,Common Stock
PNBK,Patriot National Bancorp Inc,NASDAQ,Common Stock
PNC,PNC Financial Services Group,NYSE,Common Stock
PNFP,Pinnacle Financial Partners,NYSE,Common Stock
PNR,Pentair Plc,NYSE,Common Stock
PNRG,PrimeEnergy Resources Corporation Common Stock,NASDAQ,Common Stock
PNTG,Pennant Group Inc,NASDAQ,Common Stock
PNW,Pinnacle West Capital,NYSE,Common Stock
POAS,Phaos Technology Holdings Cayman Ltd,NYSE Market,Common Stock
POCI,Precision Optics Corp Inc,NASDAQ,Common Stock
PODC,Podcastone Inc,NASDAQ,Common Stock
PODD,Insulet Corp,NASDAQ,Common Stock
POLA,Polar Power Inc,NASDAQ,Common Stock
POLE,Andretti Acquisition Corp II,NASDAQ,Common Stock
POOL,Pool Corp,NASDAQ,Common Stock
POR,Portland General Electric Co,NYSE,Common Stock
POST,Post Holdings Inc,NYSE,Common Stock
POWI,Power Integrations Inc,NASDAQ,Common Stock
POWL,Powell Industries Inc,NASDAQ,Common Stock
POWW,Outdoor Holding Co,NASDAQ,Common Stock
PPC,Pilgrim's Pride Corp,NASDAQ,Common Stock
PPG,PPG Industries Inc,NYSE,Common Stock
PPH,VanEck Pharmaceutical ETF,NASDAQ,ETF
PPHC,Public Policy Holding Co Inc,NASDAQ,Common Stock
PPIH,Perma-Pipe International Holdings Inc.,NASDAQ,Common Stock
PPL,PPL Corporation,NYSE,Common Stock
PPSI,Pioneer Power Solutions Inc,NASDAQ,Common Stock
PR,Permian Resources Corp,NYSE,Common Stock
PRA,ProAssurance Corp,NYSE,Common Stock
PRAA,PRA Group Inc.,NASDAQ,Common Stock
PRAX,Praxis Precision Medicines I,NASDAQ,Common Stock
PRCH,Porch Group Inc,NASDAQ,Common Stock
PRCT,Procept Biorobotics Corp,NASDAQ,Common Stock
PRDO,Perdoceo Education Corp,NASDAQ,Common Stock
PRE,Prenetics Global Ltd,NASDAQ,Common Stock
PRG,PROG Holdings Inc,NYSE,Common Stock
PRGO,Perrigo Company Plc,NYSE,Common Stock
PRGS,Progress Software Corp,NASDAQ,Common Stock
PRHI,Presurance Holdings Inc,NASDAQ CAP,Common Stock
PRI,Primerica Inc,NYSE,Common Stock
PRIM,Primoris Services Corp,NYSE,Common Stock
PRK,Park National Corp,NYSE American,Common Stock
PRKS,United Parks & Resorts Inc,NYSE,Common Stock
PRLB,Proto Labs Inc,NYSE,Common Stock
PRLD,Prelude Therapeutics Inc,NASDAQ,Common Stock
PRM,Perimeter Solutions Inc,NYSE,Common Stock
PRMB,Primo Brands Corp,NYSE,Common Stock
PRME,Prime Medicine Inc,NASDAQ,Common Stock
PROK,Prokidney Corp,NASDAQ,Common Stock
PROP,Prairie Operating Co,NASDAQ,Common Stock
PROV,Provident Financial Hldgs,NASDAQ,Common Stock
PRPL,Purple Innovation Inc,NASDAQ,Common Stock
PRPO,Precipio Inc,NASDAQ,Common Stock
PRQR,Proqr Therapeutics Nv,NASDAQ,Common Stock
PRSO,Peraso Inc,NASDAQ CAP,Common Stock
PRSU,Pursuit Attractions and Hospitality Inc,NYSE,Common Stock
PRTA,Prothena Corp Plc,NASDAQ,Common Stock
PRTC,Puretech Health Plc,NASDAQ,ADR
PRTH,Priority Technology Holdings,NASDAQ,Common Stock
PRTS,CarParts.com Inc,NASDAQ,Common Stock
PRU,Prudential Financial Inc,NYSE,Common Stock
PRVA,Privia Health Group Inc,NASDAQ,Common Stock
PSFE,Paysafe Ltd,NYSE,Common Stock
PSHG,Performance Shipping Inc,NASDAQ,Common Stock
PSIX,Power Solutions Internationa,NASDAQ,Common Stock
PSK,State Street SPDR ICE Preferred Securities ETF,ARCA,ETF
PSKY,Paramount Skydance B,NASDAQ,Common Stock
PSMT,Pricesmart Inc,NASDAQ,Common Stock
PSN,Parsons Corp,NYSE,Common Stock
PSNL,Personalis Inc,NASDAQ,Common Stock
PSNY,Polestar Automotive Holdings Uk Plc,NASDAQ,ADR
PSO,Pearson Plc-Sponsored Adr,NYSE,ADR
PSQH,PSQ Holdings Inc,NYSE,Common Stock
PSTG,Pure Storage Inc Class A,NYSE,Common Stock
PSTV,Plus Therapeutics Inc,NASDAQ,Common Stock
PSX,Phillips 66,NYSE,Common Stock
PTC,PTC Inc,NASDAQ,Common Stock
PTCT,Ptc Therapeutics Inc,NASDAQ,Common Stock
PTEN,Patterson-UTI Energy Inc,NASDAQ,Common Stock
PTGX,Protagonist Therapeutics Inc,NASDAQ,Common Stock
PTIR,GraniteShares 2x Long PLTR Daily ETF,NASDAQ,ETF
PTLE,PTL Ltd,NASDAQ,Common Stock
PTLO,Portillos Inccl A,NASDAQ,Common Stock
PTN,Palatin Technologies Inc,NYSE Market,Common Stock
PTNM,Pitanium Ltd,NASDAQ,Common Stock
PTON,Peloton Interactive Inc,NASDAQ,Common Stock
PTRN,Pattern Group Inc,NASDAQ,Common Stock
PUBM,Pubmatic Inc,NASDAQ,Common Stock
PUK,Prudential Plc Adr,NYSE,ADR
PULM,Pulmatrix Inc,NASDAQ,Common Stock
PUMP,Propetro Holding Corp,NYSE,Common Stock
PURR,Hyperliquid Strategies Inc,NASDAQ,Common Stock
PVH,PVH Corp,NYSE,Common Stock
PVLA,Palvella Therapeutics Inc,NASDAQ CAP,Common Stock
PWP,Perella Weinberg Partners,NASDAQ,Common Stock
PWR,Quanta Services Inc,NYSE,Common Stock
PX,P10 Inc,NYSE,Common Stock
PXED,Phoenix Education Partners Inc,NYSE,Common Stock
PXF,Invesco RAFI Developed Markets ex US ETF,ARCA,ETF
PXIU,T-REX 2x Long UPXI Daily Target ETF,Cboe,ETF
PXLW,Pixelworks Inc,NASDAQ,Common Stock
PYPD,Polypid Ltd,NASDAQ,Common Stock
PYPL,Paypal Holdings Inc,NASDAQ,Common Stock
PYXS,Pyxis Oncology Inc,NASDAQ,Common Stock
PZG,Paramount Gold Nevada Corp,NYSE American,Common Stock
PZZA,Papa John's Intl Inc,NASDAQ,Common Stock
Q,Qnity Electronics Inc,NYSE,Common Stock
QBTS,D-Wave Quantum Inc,NYSE,Common Stock
QCLN,First Trust NASDAQ Clean Edge Green Energy Index Fund,NASDAQ,ETF
QCLS,Q/C Technologies Inc,NASDAQ CAP,Common Stock
QCML,GraniteShares 2x Long QCOM Daily ETF,NASDAQ,ETF
QCOM,Qualcomm Inc,NASDAQ,Common Stock
QCRH,Qcr Holdings Inc,NASDAQ,Common Stock
QDEL,QuidelOrtho Corp,NASDAQ,Common Stock
QDIV,GlobalX S&P 500 Quality Dividend ETF,ARCA,ETF
QETA,Quetta Acquisition Corp,NASDAQ,Common Stock
QFIN,Qfin Holdings Inc,NASDAQ,ADR
QGEN,Qiagen N.V.,NYSE,Common Stock
QH,Quhuo Ltd Adr,NASDAQ,ADR
QID,ProShares UltraShort QQQ,ARCA,ETF
QIPT,Quipt Home Medical Corp,NASDAQ,Common Stock
QLD,ProShares Ultra QQQ,ARCA,ETF
QLYS,Qualys Inc,NASDAQ,Common Stock
QMCO,Quantum Corp,NASDAQ,Common Stock
QNCX,Quince Therapeutics Inc,NASDAQ,Common Stock
QNST,Quinstreet Inc,NASDAQ,Common Stock
QQQ,Invesco QQQ Trust Series 1,NASDAQ,ETF
QQQD,Direxion Daily Magnificent 7 Bear 1X Shares,ARCA,ETF
QQQE,Direxion NASDAQ-100 Equal Weighted Index Shares,NASDAQ,ETF
QQQI,NEOS Nasdaq-100 High Income ETF,NASDAQ,ETF
QQQJ,Invesco Nasdaq Next Gen 100 ETF,NASDAQ,ETF
QQQM,Invesco NASDAQ 100 ETF,NASDAQ,ETF
QQQS,Invesco NASDAQ Future Gen 200 ETF,NASDAQ,ETF
QQQU,Direxion Daily Magnificent 7 Bull 2X Shares,ARCA,ETF
QRHC,Quest Resource Holding Corp,NASDAQ,Common Stock
QRMI,Globalx Nasdaq100 Risk Managed Income ETF,NASDAQ,ETF
QRVO,QORVO Inc,NASDAQ,Common Stock
QS,Quantumscape Corp,NASDAQ,Common Stock
QSI,Quantum Si Inc,NASDAQ,Common Stock
QSR,Restaurant Brands International,NYSE,Common Stock
QTEC,First Trust NASDAQ-100-Technology Sector Index Fund,NASDAQ,ETF
QTI,QT Imaging Holdings Inc,NASDAQ,Common Stock
QTRX,Quanterix Corp,NASDAQ,Common Stock
QTTB,Q32 Bio Inc,NASDAQ,Common Stock
QTWO,Q2 Holdings Inc,NYSE,Common Stock
QUAD,Quad Graphics Inc,NYSE,Common Stock
QUBT,Quantum Computing Inc,NASDAQ,Common Stock
QUIK,Quicklogic Corp,NASDAQ,Common Stock
QURE,Uniqure B.V.,NASDAQ,Common Stock
QVCGA,QVC Group Inc Series A Common Stock,NASDAQ CAP,Common Stock
QXO,QXO Inc,NYSE,Common Stock
QYLD,GlobalX Nasdaq 100 Covered Call ETF,NASDAQ,ETF
QYLG,GlobalX Nasdaq 100 Covered Call & Growth ETF,NASDAQ,ETF
R,Ryder System Inc,NYSE,Common Stock
RACE,Ferrari,NYSE,Common Stock
RADX,Radiopharm Theranostics Ltd,NASDAQ,ADR
RAIL,Freightcar America Inc,NASDAQ,Common Stock
RAMP,LiveRamp Holdings Inc,NYSE,Common Stock
RANI,Rani Therapeutics Holdings A,NASDAQ,Common Stock
RAPP,Rapport Therapeutics Inc,NASDAQ,Common Stock
RAPT,Rapt Therapeutics Inc,NASDAQ,Common Stock
RARE,Ultragenyx Pharmaceutical In,NASDAQ,Common Stock
RAVE,Rave Restaurant Group Inc,NASDAQ,Common Stock
RAY,Raytech Holding Ltd,NASDAQ,Common Stock
RBA,RB Global Inc,NYSE,Common Stock
RBB,Rbb Bancorp,NASDAQ,Common Stock
RBBN,Ribbon Communications Inc.,NASDAQ,Common Stock
RBC,RBC Bearings Inc,NYSE,Common Stock
RBCAA,Republic Bancorp Inc-Class A,NASDAQ,Common Stock
RBKB,Rhinebeck Bancorp Inc,NASDAQ,Common Stock
RBLU,T-REX 2X Long RBLX Daily Target ETF,Cboe,ETF
RBLX,Roblox Corp Class A,NYSE,Common Stock
RBOT,Vicarious Surgical Inc,NYSE,Common Stock
RBRK,Rubrik Inc,NYSE,Common Stock
RCAT,Red Cat Holdings Inc,NASDAQ,Common Stock
RCEL,Avita Medical Inc,NASDAQ CAP,Common Stock
RCI,Rogers Communications Inc-B,NYSE,Common Stock
RCKT,Rocket Pharmaceuticals Inc.,NASDAQ,Common Stock
RCKY,Rocky Brands Inc,NASDAQ,Common Stock
RCL,Royal Caribbean Cruises Ltd,NYSE,Common Stock
RCMT,Rcm Technologies Inc,NASDAQ,Common Stock
RCT,Redcloud Holdings PLC,NASDAQ,Common Stock
RCUS,Arcus Biosciences Inc,NYSE,Common Stock
RDCM,Radcom Ltd,NASDAQ,Common Stock
RDDT,Reddit Inc,NYSE,Common Stock
RDGT,Ridgetech Inc,NASDAQ CAP,Common Stock
RDI,Reading International Inc-A,NASDAQ,Common Stock
RDIB,Reading International Incb,NASDAQ,Common Stock
RDN,Radian Group Inc,NYSE,Common Stock
RDNT,Radnet Inc,NASDAQ,Common Stock
RDNW,RideNow Group Inc Class B Common Stock,NASDAQ CAP,Common Stock
RDTL,GraniteShares 2x Long RDDT Daily ETF,NASDAQ,ETF
RDVI,FT Vest Rising Dividend Achievers Target Income ETF,Cboe,ETF
RDVT,Red Violet Inc,NASDAQ,Common Stock
RDVY,First Trust Rising Dividend Achievers ETF,NASDAQ,ETF
RDW,Redwire Corp,NYSE,Common Stock
RDWR,Radware Ltd,NASDAQ,Common Stock
RDY,Doctor Reddy'S Lab-Adr,NYSE,ADR
RDZN,Roadzen Inc,NASDAQ,Common Stock
REAL,Realreal Inc,NASDAQ,Common Stock
REBN,Reborn Coffee Inc. Common Stock,NASDAQ,Common Stock
RECT,Rectitude Holdings Ltd,NASDAQ,Common Stock
REE,Ree Automotive Ltd,NASDAQ CAP,Common Stock
REED,Reed's Inc,NYSE Market,Common Stock
REFR,Research Frontiers Inc,NASDAQ,Common Stock
REGN,Regeneron Pharmaceuticals,NASDAQ,Common Stock
REI,Ring Energy Inc,NYSE Market,Common Stock
REKR,Rekor Systems Inc,NASDAQ,Common Stock
REKT,Direxion Daily Crypto Industry Bear 1X Shares,ARCA,ETF
RELL,Richardson Elec Ltd,NASDAQ,Common Stock
RELX,Relx Plc Spon Adr,NYSE,ADR
RELY,Remitly Global Inc,NASDAQ,Common Stock
REM,iShares Mortgage Real Estate ETF,Cboe,ETF
REMX,VanEck Rare Earth and Strategic Metals ETF,ARCA,ETF
RENT,Rent the Runway Inc,NASDAQ,Common Stock
RENX,RenX Enterprises Corp. Common Stock,NASDAQ,Common Stock
REPL,Replimune Group Inc,NASDAQ,Common Stock
REPX,Riley Exploration Permian In,NYSE Market,Common Stock
RERE,ATRenew Inc,NYSE,ADR
RES,RPC Inc,NYSE,Common Stock
RETO,Reto Eco Solutions Inc,NASDAQ,Common Stock
REVB,Revelation Biosciences Inc,NASDAQ,Common Stock
REX,REX American Resources Corp,NYSE,Common Stock
REYN,Reynolds Consumer Products I,NASDAQ,Common Stock
REZI,Resideo Technologies Inc,NYSE,Common Stock
RF,Regions Financial Corp,NYSE,Common Stock
RFAI,RF Acquisition Corp II,NASDAQ,Common Stock
RFIL,Rf Industries Ltd,NASDAQ,Common Stock
RFL,Rafael Holdings Inc Class B,NYSE,Common Stock
RGA,Reinsurance Group of America,NYSE,Common Stock
RGC,Regencell Bioscience Holding,NASDAQ,Common Stock
RGCO,Rgc Resources Inc,NASDAQ,Common Stock
RGEN,Repligen Corp,NASDAQ,Common Stock
RGLD,Royal Gold Inc,NASDAQ,Common Stock
RGNX,Regenxbio Inc,NASDAQ,Common Stock
RGP,esources Connection Inc. Common Stock,NASDAQ,Common Stock
RGR,Sturm Ruger & Co Inc,NYSE,Common Stock
RGS,Regis Corp,NASDAQ,Common Stock
RGTI,Rigetti Computing Inc,NASDAQ,Common Stock
RH,RH,NYSE,Common Stock
RHI,Robert Half Inc,NYSE,Common Stock
RHLD,Resolute Holdings Management Inc,NYSE,Common Stock
RIBB,Ribbon Acquisition Corp,NASDAQ,Common Stock
RICK,Rick's Cabaret Intl Inc,NASDAQ,Common Stock
RIG,Transocean Ltd,NYSE,Common Stock
RIGL,Rigel Pharmaceuticals Inc,NASDAQ,Common Stock
RILY,BRC Group Holdings Inc,NASDAQ,Common Stock
RIME,Algorhythm Holdings Inc,NASDAQ CAP,Common Stock
RIO,Rio Tinto Plc-Spon Adr,NYSE,ADR
RIOT,Riot Platforms Inc,NASDAQ CAP,Common Stock
RITR,Reitar Logtech Holdings Ltd,NASDAQ,Common Stock
RIVN,Rivian Automotive Inc A,NASDAQ,Common Stock
RJET,Republic Airways Holdings Inc,NASDAQ,Common Stock
RJF,Raymond James Financial Inc,NYSE,Common Stock
RKDA,Arcadia Biosciences Inc,NASDAQ,Common Stock
RKLB,Rocket Lab Corp,NASDAQ,Common Stock
RKT,Rocket Companies Inc,NYSE,Common Stock
RL,Ralph Lauren Corp,NYSE,Common Stock
RLAY,Relay Therapeutics Inc,NASDAQ,Common Stock
RLGT,Radiant Logistics Inc,NYSE American,Common Stock
RLI,RLI Corp,NYSE,Common Stock
RLMD,Relmada Therapeutics Inc,NASDAQ,Common Stock
RLX,Rlx Technology Inc Adr,NYSE,ADR
RLY,State Street SPDR SSgA Multi-Asset Real Return ETF,ARCA,ETF
RLYB,Rallybio Corp,NASDAQ,Common Stock
RM,Regional Management Corp,NYSE,Common Stock
RMAX,Re/Max Holdings Inc-Cl A,NYSE,Common Stock
RMBI,Richmond Mutual Bancorporati,NASDAQ,Common Stock
RMBS,Rambus Inc,NASDAQ,Common Stock
RMCF,Rocky Mountain Choc Fact Inc,NASDAQ,Common Stock
RMD,Resmed Inc,NYSE,Common Stock
RMNI,Rimini Street Inc,NASDAQ,Common Stock
RMR,Rmr Group Inc A,NASDAQ,Common Stock
RMTI,Rockwell Medical Inc,NASDAQ CAP,Common Stock
RNA,Avidity Biosciences Inc,NASDAQ,Common Stock
RNAC,Cartesian Therapeutics Inc,NASDAQ,Common Stock
RNAZ,Transcode Therapeutics Inc,NASDAQ,Common Stock
RNG,Ringcentral Inc-Class A,NYSE,Common Stock
RNGR,Ranger Energy Services Inc,NYSE,Common Stock
RNR,Renaissancere Holdings Ltd,NYSE,Common Stock
RNRG,Global X Renewable Energy Producers ETF,NASDAQ,ETF
RNST,Renasant Corp,NYSE,Common Stock
RNTX,Rein Therapeutics Inc Common Stock,NASDAQ CAP,Common Stock
RNW,Renew Energy Global Plc A,NASDAQ,Common Stock
RNXT,Renovorx Inc,NASDAQ,Common Stock
ROAD,Construction Partners Inca,NASDAQ,Common Stock
ROBN,T-REX 2X Long HOOD Daily Target ETF,Cboe,ETF
ROBO,ROBO Global Robotics & Automation ETF,ARCA,ETF
ROBT,First Trust Nasdaq Artificial Intelligence and Robotics ETF,NASDAQ,ETF
ROCK,Gibraltar Industries Inc,NASDAQ,Common Stock
ROG,Rogers Corp,NYSE,Common Stock
ROIV,Roivant Sciences Ltd,NASDAQ,Common Stock
ROK,Rockwell Automation Inc,NYSE,Common Stock
ROKU,Roku Inc,NASDAQ,Common Stock
ROL,Rollins Inc,NYSE,Common Stock
ROLR,High Roller Technologies Inc,NYSE Market,Common Stock
ROOT,Root Inc Class A,NASDAQ,Common Stock
ROP,Roper Technologies Inc,NASDAQ,Common Stock
ROST,Ross Stores Inc,NASDAQ,Common Stock
RPAY,Repay Holdings Corp,NASDAQ,Common Stock
RPD,Rapid 7 Inc,NASDAQ,Common Stock
RPGL,Republic Power Group Ltd,NASDAQ,Common Stock
RPID,Rapid Micro Biosystems Inc A,NASDAQ,Common Stock
RPM,RPM International Inc,NYSE,Common Stock
RPRX,Royalty Pharma Plc Cl A,NASDAQ,Common Stock
RR,Richtech Robotics Inc,NASDAQ,Common Stock
RRBI,Red River Bancshares Inc,NASDAQ,Common Stock
RRC,Range Resources Corp,NYSE,Common Stock
RRGB,Red Robin Gourmet Burgers,NASDAQ,Common Stock
RRR,Red Rock Resorts Inc-Class A,NASDAQ,Common Stock
RRX,Regal Rexnord Corp,NYSE,Common Stock
RS,Reliance Inc,NYSE,Common Stock
RSG,Republic Services Inc,NYSE,Common Stock
RSI,Rush Street Interactive Inc,NYSE,Common Stock
RSKD,Riskified Ltd,NYSE,Common Stock
RSP,Invesco S&P 500 Equal Weight ETF,ARCA,ETF
RSSS,Research Solutions Inc,NASDAQ,Common Stock
RSVR,Reservoir Media Inc,NASDAQ,Common Stock
RTH,VanEck Retail ETF,NASDAQ,ETF
RTO,Rentokil Initial Plc-Sp Adr,NYSE,ADR
RTX,RTX Corp,NYSE,Common Stock
RUM,Rumble Inc,NASDAQ,Common Stock
RUN,Sunrun Inc,NASDAQ,Common Stock
RUSHA,Rush Enterprises Inc-Cl A,NASDAQ,Common Stock
RUSHB,Rush Enterprises Inc Cl B,NASDAQ,Common Stock
RVLV,Revolve Group Llc Class A,NYSE,Common Stock
RVMD,Revolution Medicines Inc,NASDAQ,Common Stock
RVNL,GraniteShares 2x Long RIVN Daily ETF,NASDAQ,ETF
RVP,Retractable Technologies Inc,NYSE American,Common Stock
RVPH,Reviva Pharmaceuticals Holdi,NASDAQ,Common Stock
RVSB,Riverview Bancorp Inc,NASDAQ,Common Stock
RVTY,Revvity Inc,NYSE,Common Stock
RVYL,Ryvyl Inc,NASDAQ CAP,Common Stock
RWAY,Runway Growth Finance Corp,NASDAQ,Common Stock
RWR,State Street SPDR Dow Jones REIT ETF,ARCA,ETF
RWX,State Street SPDR Dow Jones International Real Estate ETF,ARCA,ETF
RXI,iShares Global Consumer Discretionary ETF,ARCA,ETF
RXO,Rxo Inc,NYSE,Common Stock
RXRX,Recursion Pharmaceuticals A,NASDAQ,Common Stock
RXST,Rxsight Inc,NASDAQ,Common Stock
RXT,Rackspace Technology Inc,NASDAQ,Common Stock
RY,Royal Bank Of Canada,NYSE,Common Stock
RYAM,Rayonier Advanced Materials,NYSE,Common Stock
RYAN,Ryan Specialty Holdings Inc,NYSE,Common Stock
RYI,Ryerson Holding Corp,NYSE,Common Stock
RYLD,Global X Russell 2000 Covered Call ETF,ARCA,ETF
RYM,RHYTHM Inc,NASDAQ CAP,Common Stock
RYOJ,rYojbaba Co Ltd,NASDAQ,Common Stock
RYTM,Rhythm Pharmaceuticals Inc,NASDAQ,Common Stock
RZLT,Rezolute Inc,NASDAQ,Common Stock
RZLV,Rezolve AI PLC Ordinary Shares,NASDAQ,Common Stock
S,Sentinelone Inc,NYSE,Common Stock
SA,Seabridge Gold Inc,NYSE,Common Stock
SABR,Sabre Corp,NASDAQ,Common Stock
SABS,Sab Biotherapeutics Inc,NASDAQ,Common Stock
SAFT,Safety Insurance Group Inc,NASDAQ,Common Stock
SAFX,XCF Global Inc,NASDAQ,Common Stock
SAGT,Sagtec Global Ltd,NASDAQ,Common Stock
SAH,Sonic Automotive Inc-Class A,NYSE,Common Stock
SAIA,Saia Inc,NASDAQ,Common Stock
SAIC,Science App's Int'l Corp,NASDAQ,Common Stock
SAIL,SailPoint Inc,NASDAQ,Common Stock
SAM,Boston Beer Company Inc-A,NYSE,Common Stock
SAMG,Silvercrest Asset Manageme A,NASDAQ,Common Stock
SANA,Sana Biotechnology Inc,NASDAQ,Common Stock
SANM,Sanmina Corp,NASDAQ,Common Stock
SAP,Sap Se-Sponsored Adr,NYSE,ADR
SARO,Standardaero Inc,NYSE,Common Stock
SATL,Satellogic Inc,NASDAQ,Common Stock
SATS,Echostar Corp-A,NASDAQ,Common Stock
SAVA,Cassava Sciences Inc. Common Stock,NASDAQ,Common Stock
SB,Safe Bulkers Inc,NYSE,Common Stock
SBC,SBC Medical Group Holdings Inc,NASDAQ,Common Stock
SBCF,Seacoast Banking Corp/Fl,NASDAQ,Common Stock
SBDS,Solo Brands Inc,NYSE,Common Stock
SBET,Sharplink Inc,NASDAQ CAP,Common Stock
SBFG,Sb Financial Group Inc,NASDAQ,Common Stock
SBFM,Sunshine Biopharma Inc,NASDAQ,Common Stock
SBGI,Sinclair Inc,NASDAQ,Common Stock
SBH,Sally Beauty Holdings Inc,NYSE,Common Stock
SBLK,Star Bulk Carriers Corp,NASDAQ,Common Stock
SBLX,StableX Technologies Inc,NASDAQ CAP,Common Stock
SBS,Cia Saneamento Basico De-Adr,NYSE,ADR
SBSI,Southside Bancshares Inc,NYSE,Common Stock
SBSW,Sibanye Stillwater Ltd,NYSE,ADR
SBUX,Starbucks Corp,NASDAQ,Common Stock
SBXD,Silverbox Corp IV,NYSE,Common Stock
SCCO,Southern Copper Corp,NYSE,Common Stock
SCHL,Scholastic Corp,NASDAQ,Common Stock
SCHW,The Charles Schwab Corporation,NYSE,Common Stock
SCI,Service Corp International,NYSE,Common Stock
SCKT,Socket Mobile Inc,NASDAQ,Common Stock
SCL,Stepan Co,NYSE,Common Stock
SCLX,Scilex Holding Co,NASDAQ,Common Stock
SCNX,Science Holdings Inc,NASDAQ CAP,Common Stock
SCOR,Comscore Inc,NASDAQ,Common Stock
SCSC,Scansource Inc,NASDAQ,Common Stock
SCVL,Shoe Carnival Inc,NASDAQ,Common Stock
SCWO,374Water Inc,NASDAQ,Common Stock
SCYX,Scynexis Inc,NASDAQ,Common Stock
SD,Sandridge Energy Inc,NYSE,Common Stock
SDGR,Schrodinger Inc,NASDAQ,Common Stock
SDHC,Smith Douglas Homes Corp,NYSE,Common Stock
SDIV,Global X Superdividend ETF,ARCA,ETF
SDM,Smart Digital Group Ltd,NASDAQ,Common Stock
SDOT,Sadot Group Inc,NASDAQ CAP,Common Stock
SDOW,ProShares UltraPro Short Dow30,ARCA,ETF
SDRL,Seadrill Ltd,NYSE,Common Stock
SDS,ProShares UltraShort S&P500,ARCA,ETF
SDST,Stardust Power Inc,NASDAQ,Common Stock
SDVD,FT Vest SMID Rising Dividend Achievers Target Income ETF,Cboe,ETF
SDVY,First Trust SMID Cap Rising Dividend Achievers ETF,NASDAQ,ETF
SDY,State Street SPDR S&P Dividend ETF,ARCA,ETF
SE,Sea Ltd Adr,NYSE,ADR
SEAT,Vivid Seats Inc Class A,NASDAQ,Common Stock
SEB,Seaboard Corp,NYSE American,Common Stock
SEDG,Solaredge Technologies Inc,NASDAQ,Common Stock
SEE,Sealed Air Corp,NYSE,Common Stock
SEED,Origin Agritech Ltd,NASDAQ,Common Stock
SEER,Seer Inc,NASDAQ,Common Stock
SEG,Seaport Entertainment Group,NYSE,Common Stock
SEGG,Lottery.com Inc,NASDAQ,Common Stock
SEI,Solaris Energy Infrastructure Inc,NYSE,Common Stock
SEIC,SEI Investments Company,NASDAQ,Common Stock
SELX,Semilux International Ltd,NASDAQ CAP,Common Stock
SEM,Select Medical Holdings Corp,NYSE,Common Stock
SEMR,Semrush Holdings Inc A,NYSE,Common Stock
SENEA,Seneca Foods Corp - Cl A,NASDAQ,Common Stock
SENEB,Seneca Foods Corp,NASDAQ,Common Stock
SENS,Senseonics Holdings Inc,NASDAQ,Common Stock
SEPN,Septerna Inc,NASDAQ,Common Stock
SER,Serina Therapeutics Inc,NYSE Market,Common Stock
SERA,Sera Prognostics Inc A,NASDAQ,Common Stock
SERV,Serve Robotics Inc,NASDAQ,Common Stock
SES,Ses Ai Corp,NYSE,Common Stock
SEV,Aptera Motors Corp,NASDAQ,Common Stock
SEZL,Sezzle Inc,NASDAQ,Common Stock
SF,Stifel Financial Corp,NYSE,Common Stock
SFBC,Sound Financial Bancorp Inc,NASDAQ,Common Stock
SFBS,Servisfirst Bancshares Inc,NYSE,Common Stock
SFD,Smithfield Foods Inc,NASDAQ,Common Stock
SFIX,Stitch Fix Inc Class A,NASDAQ,Common Stock
SFL,SFL Corp Ltd,NYSE,Common Stock
SFM,Sprouts Farmers Market Inc,NASDAQ,Common Stock
SFNC,Simmons First Natl Corp-Cl A,NASDAQ,Common Stock
SFST,Southern First Bancshares,NASDAQ,Common Stock
SG,Sweetgreen Inc Class A,NYSE,Common Stock
SGA,Saga Communications Inc-Cl A,NASDAQ,Common Stock
SGC,Superior Group of Companies Inc. Common Stock,NASDAQ,Common Stock
SGHC,Super Group Sghc Ltd,NYSE,Common Stock
SGHT,Sight Sciences Inc,NASDAQ,Common Stock
SGI,Somnigroup International Inc,NYSE,Common Stock
SGLY,Singularity Future Technolog,NASDAQ,Common Stock
SGML,Sigma Lithium Corp,NASDAQ,Common Stock
SGMO,Sangamo Therapeutics Inc.,NASDAQ,Common Stock
SGMT,Sagimet Biosciences Inc,NASDAQ,Common Stock
SGN,Signing Day Sports Inc,NYSE Market,Common Stock
SGRP,Spar Group Inc,NASDAQ,Common Stock
SGRY,Surgery Partners Inc,NASDAQ,Common Stock
SH,ProShares Short S&P500,ARCA,ETF
SHAK,Shake Shack Inc - Class A,NYSE,Common Stock
SHBI,Shore Bancshares Inc,NASDAQ,Common Stock
SHC,Sotera Health Co,NASDAQ,Common Stock
SHE,State Street SPDR MSCI USA Gender Diversity ETF,ARCA,ETF
SHEL,Shell PLC ADR,NYSE,ADR
SHEN,Shenandoah Telecommunication,NASDAQ,Common Stock
SHG,Shinhan Financial Group Co Ltd,NYSE,ADR
SHIM,Shimmick Corp,NASDAQ CAP,Common Stock
SHIP,Seanergy Maritime Holdings,NASDAQ,Common Stock
SHLD,Global X Defense Tech ETF,ARCA,ETF
SHLS,Shoals Technologies Group A,NASDAQ,Common Stock
SHOO,Steven Madden Ltd,NASDAQ,Common Stock
SHOP,Shopify Inc - A,NASDAQ,Common Stock
SHV,iShares 0-1 Year Treasury Bond ETF,NASDAQ,ETF
SHW,The Sherwin-Williams Company,NYSE,Common Stock
SHY,iShares 1-3 Year Treasury Bond ETF,NASDAQ,ETF
SI,Shoulder Innovations Inc,NYSE,Common Stock
SIBN,Si Bone Inc,NASDAQ,Common Stock
SID,Cia Siderurgica Nacl Sp Adr,NYSE,ADR
SIDU,Sidus Space Inc-Cl A,NASDAQ,Common Stock
SIEB,Siebert Financial Corp,NASDAQ,Common Stock
SIF,Sifco Industries,NYSE American,Common Stock
SIFY,Sify Technologies Spon Adr,NASDAQ,ADR
SIG,Signet Jewelers Ltd,NYSE,Common Stock
SIGA,Siga Technologies Inc,NASDAQ,Common Stock
SIGI,Selective Insurance Group,NASDAQ,Common Stock
SII,Sprott Inc,NYSE,Common Stock
SIL,Global X Silver Miners ETF,ARCA,ETF
SILC,Silicom Ltd,NASDAQ,Common Stock
SIM,Grupo Simec Sab De Cv,NYSE Market,ADR
SIMA,SIM Acquisition Corp I,NASDAQ,Common Stock
SIMO,Silicon Motion Technol Adr,NASDAQ,ADR
SINT,SiNtx Technologies Inc. Common Stock,NASDAQ,Common Stock
SION,Sionna Therapeutics Inc,NASDAQ,Common Stock
SIRI,SiriusXM Holdings Inc,NASDAQ,Common Stock
SITE,Siteone Landscape Supply Inc,NYSE,Common Stock
SITM,Sitime Corp,NASDAQ,Common Stock
SJ,Scienjoy Holding Corp,NASDAQ,Common Stock
SJM,The J. M. Smucker Company,NYSE,Common Stock
SJNK,State Street SPDR Bloomberg Short Term High Yield Bond ETF,ARCA,ETF
SKBL,Skyline Builders Group Holding Ltd,NASDAQ,Common Stock
SKIL,Skillsoft Corp,NYSE,Common Stock
SKIN,Beauty Health Co,NASDAQ,Common Stock
SKLZ,Skillz Inc,NYSE,Common Stock
SKM,Sk Telecom Co Ltd Spon Adr,NYSE,ADR
SKWD,Skyward Specialty Insurance Group Inc,NASDAQ,Common Stock
SKY,Champion Homes Inc,NYSE,Common Stock
SKYE,Skye Bioscience Inc,NASDAQ,Common Stock
SKYH,Sky Harbour Group Corp,NYSE,Common Stock
SKYQ,Sky Quarry Inc,NASDAQ,Common Stock
SKYT,Skywater Technology Inc,NASDAQ,Common Stock
SKYW,Skywest Inc,NASDAQ,Common Stock
SKYX,Skyx Platforms Corp,NASDAQ,Common Stock
SKYY,First Trust Cloud Computing ETF,NASDAQ,ETF
SLAB,Silicon Laboratories Inc,NASDAQ,Common Stock
SLAI,SOLAI Ltd,NYSE,ADR
SLB,SLB Ltd,NYSE,Common Stock
SLDB,Solid Biosciences Inc,NASDAQ,Common Stock
SLDE,Slide Insurance Holdings Inc,NASDAQ,Common Stock
SLDP,Solid Power Inc,NASDAQ,Common Stock
SLE,Super League Enterprise Inc,NASDAQ,Common Stock
SLF,Sun Life Financial Inc,NYSE,Common Stock
SLGB,Smart Logistics Global Ltd,NASDAQ,Common Stock
SLGL,Sol Gel Technologies Ltd,NASDAQ CAP,Common Stock
SLGN,Silgan Holdings Inc,NYSE,Common Stock
SLM,SLM Corp,NASDAQ,Common Stock
SLN,Silence Therapeutics Plc,NASDAQ,ADR
SLND,Southland Holdings Inc,NYSE Market,Common Stock
SLNG,Stabilis Solutions Inc. Common Stock,NASDAQ,Common Stock
SLNH,Soluna Holdings Inc,NASDAQ,Common Stock
SLNO,Soleno Therapeutics Inc.,NASDAQ,Common Stock
SLP,Simulations Plus Inc,NASDAQ,Common Stock
SLQT,Selectquote Inc,NYSE,Common Stock
SLS,SEELAS Life Sciences Group Inc.,NASDAQ,Common Stock
SLV,iShares Silver Trust,ARCA,ETF
SLVM,Sylvamo Corp,NYSE,Common Stock
SLX,VanEck Steel ETF,ARCA,ETF
SM,SM Energy Co,NYSE,Common Stock
SMBC,Southern Missouri Bancorp,NASDAQ,Common Stock
SMBK,Smartfinancial Inc,NYSE,Common Stock
SMC,Summit Midstream Corp,NYSE,Common Stock
SMCI,Super Micro Computer Inc,NASDAQ,Common Stock
SMCL,GraniteShares 2x Long SMCI Daily ETF,NASDAQ,ETF
SMFG,Sumitomo Mitsuispons Adr,NYSE,ADR
SMG,Scotts Miracle-Gro Co-Cl A,NYSE,Common Stock
SMH,VanEck Semiconductor ETF,NASDAQ,ETF
SMHI,Seacor Marine Holdings Inc,NYSE,Common Stock
SMID,Smith Midland Corp,NASDAQ,Common Stock
SMIN,iShares MSCI India Small-Cap ETF,Cboe,ETF
SMMT,Summit Therapeutics Inc,NASDAQ,Common Stock
SMP,Standard Motor Prods,NYSE,Common Stock
SMPL,Simply Good Foods Co,NASDAQ,Common Stock
SMR,Nuscale Power Corp,NYSE,Common Stock
SMRT,Smartrent Inc,NYSE,Common Stock
SMSI,Smith Micro Software Inc,NASDAQ,Common Stock
SMTC,Semtech Corp,NASDAQ,Common Stock
SMTI,Sanara Medtech Inc,NASDAQ,Common Stock
SMTK,SmartKem Inc,NASDAQ,Common Stock
SMUP,T-REX 2x Long SMR Daily Target ETF,Cboe,ETF
SMWB,Similarweb Ltd,NYSE,Common Stock
SMXT,SolarMax Technology Inc,NASDAQ,Common Stock
SMYY,GraniteShares YieldBOOST SMCI ETF,NASDAQ,ETF
SN,SharkNinja Inc,NYSE,Common Stock
SNA,Snap-On Inc,NYSE,Common Stock
SNAL,Snail Inc,NASDAQ,Common Stock
SNAP,Snap Inc,NYSE,Common Stock
SNBR,Sleep Number Corporation ,NASDAQ,Common Stock
SNCR,Synchronoss Technologies Inc,NASDAQ,Common Stock
SNCY,Sun Country Airlines Holding,NASDAQ,Common Stock
SND,Smart Sand Inc,NASDAQ,Common Stock
SNDA,Sonida Senior Living,NYSE,Common Stock
SNDK,Sandisk Corp,NASDAQ,Common Stock
SNDL,SNDL Inc,NASDAQ CAP,Common Stock
SNDR,Schneider National Inc Cl B,NYSE,Common Stock
SNDX,Syndax Pharmaceuticals Inc,NASDAQ,Common Stock
SNES,Senestech Inc,NASDAQ,Common Stock
SNEX,StoneX Group Inc,NASDAQ,Common Stock
SNFCA,Security Natl Finl Corp Cl A,NASDAQ,Common Stock
SNGX,Soligenix Inc,NASDAQ,Common Stock
SNN,Smith And Nephew Plc Spon Adr,NYSE,ADR
SNOA,Sonoma Pharmaceuticals Inc.,NASDAQ,Common Stock
SNOW,Snowflake Inc Class A,NYSE,Common Stock
SNPS,Synopsys Inc,NASDAQ,Common Stock
SNSE,Sensei Biotherapeutics Inc,NASDAQ CAP,Common Stock
SNT,Senstar Technologies Corporation Common Shares,NASDAQ,Common Stock
SNTI,Senti Biosciences Inc,NASDAQ CAP,Common Stock
SNX,TD SYNNEX Corp,NYSE,Common Stock
SNYR,Synergy CHC Corp,NASDAQ,Common Stock
SO,The Southern Company,NYSE,Common Stock
SOBO,South Bow Corp,NYSE,Common Stock
SOC,Sable Offshore Corp,NYSE,Common Stock
SOCL,Global X Social Media ETF,NASDAQ,ETF
SOFI,Sofi,NASDAQ,Common Stock
SOGP,Sound Group Inc. American Depositary Shares,NASDAQ,ADR
SOHU,Sohu.com Limited,NASDAQ,ADR
SOLS,Solstice Advanced Materials Inc,NASDAQ,Common Stock
SOLV,Solventum Corp,NYSE,Common Stock
SON,Sonoco Products Co,NYSE,Common Stock
SONM,Sonim Technologies Inc,NASDAQ,Common Stock
SONO,Sonos Inc,NASDAQ,Common Stock
SONY,Sony Group Corp,NYSE,ADR
SOPA,Society Pass Inc,NASDAQ,Common Stock
SOPH,Sophia Genetics Sa,NASDAQ,Common Stock
SORA,AsiaStrategy ,NASDAQ CAP,Common Stock
SOS,Sos Ltd,NYSE,ADR
SOTK,Sonotek Corp,NASDAQ,Common Stock
SOUN,Soundhound Ai Inc,NASDAQ,Common Stock
SOWG,SOW GOOD INC,NASDAQ,Common Stock
SOXL,Direxion Daily Semiconductor Bull 3X Shares,ARCA,ETF
SOXS,Direxion Daily semiconductor Bear 3X,ARCA,ETF
SPAB,State Street SPDR Portfolio Aggregate Bond ETF,ARCA,ETF
SPAI,Safe Pro Group Inc,NASDAQ,Common Stock
SPB,Spectrum Brands Holdings Inc,NYSE,Common Stock
SPCB,Supercom Ltd,NASDAQ,Common Stock
SPCE,Virgin Galactic Holdings Inc,NYSE,Common Stock
SPDN,Direxion Daily S&P 500 Bear 1X Shares,ARCA,ETF
SPDW,State Street SPDR Portfolio Developed World ex-US ETF,ARCA,ETF
SPEM,State Street SPDR Portfolio Emerging Markets ETF,ARCA,ETF
SPFF,GlobalX SuperIncome Preferred ETF,ARCA,ETF
SPFI,South Plains Financial Inc,NASDAQ,Common Stock
SPGI,S&P Global Inc.,NYSE,Common Stock
SPHL,Springview Holdings Ltd,NASDAQ,Common Stock
SPHR,Sphere Entertainment Co,NYSE,Common Stock
SPHY,State Street SPDR Portfolio High Yield Bond ETF,ARCA,ETF
SPIB,State Street SPDR Portfolio Intermediate Term Corporate Bond ETF,ARCA,ETF
SPIP,State Street SPDR Portfolio TIPS ETF,ARCA,ETF
SPIR,Spire Global Inc,NYSE,Common Stock
SPKL,Spark I Acquisition Corp,NASDAQ,Common Stock
SPLB,State Street SPDR Portfolio Long Term Corporate Bond ETF,ARCA,ETF
SPMB,State Street SPDR Portfolio Mortgage Backed Bond ETF,ARCA,ETF
SPMD,State Street SPDR Portfolio S&P 400 Mid Cap ETF,ARCA,ETF
SPNT,SiriusPoint Ltd,NYSE,Common Stock
SPOK,Spok Holdings Inc,NASDAQ,Common Stock
SPOT,Spotify Technology Sa,NYSE,Common Stock
SPRB,Spruce Biosciences Inc,NASDAQ,Common Stock
SPRO,Spero Therapeutics Inc,NASDAQ,Common Stock
SPRU,Spruce Power Holding Corp,NYSE,Common Stock
SPRY,ARS Pharmaceuticals Inc. Common Stock,NASDAQ,Common Stock
SPSB,State Street SPDR Portfolio Short Term Corporate Bond ETF,ARCA,ETF
SPSC,SPS Commerce Inc,NASDAQ,Common Stock
SPSM,State Street SPDR Portfolio S&P 600 Small Cap ETF,ARCA,ETF
SPT,Sprout Social Inc Class A,NASDAQ,Common Stock
SPTI,State Street SPDR Portfolio Intermediate Term Treasury ETF,ARCA,ETF
SPTL,State Street SPDR Portfolio Long Term Treasury ETF,ARCA,ETF
SPTM,State Street SPDR Portfolio S&P 1500 Composite Stock Market ETF,ARCA,ETF
SPTS,State Street SPDR Portfolio Short Term Treasury ETF,ARCA,ETF
SPUU,Direxion Daily S&P 500 Bull 2X Shares,ARCA,ETF
SPWH,Sportsman'S Warehouse Holdin,NASDAQ,Common Stock
SPWR,SunPower Inc,NASDAQ,Common Stock
SPXC,SPX Technologies Inc,NYSE,Common Stock
SPXL,Direxion Daily S&P 500 Bull 3X Shares,ARCA,ETF
SPXS,Direxion Daily S&P 500 Bear 3X Shares,ARCA,ETF
SPXU,ProShares UltraPro Short S&P500,ARCA,ETF
SPY,State Street SPDR S&P 500 ETF,ARCA,ETF
SPYD,State Street SPDR Portfolio S&P 500 High Dividend ETF,ARCA,ETF
SPYG,State Street SPDR Portfolio S&P 500 Growth ETF,ARCA,ETF
SPYI,NEOS S&P500 High Income ETF,Cboe,ETF
SPYM,State Street SPDR Portfolio S&P 500 ETF,ARCA,ETF
SPYV,State Street SPDR Portfolio S&P 500 Value ETF,ARCA,ETF
SQM,Quimica Y Minera Chil-Sp Adr,NYSE,ADR
SQQQ,ProShares UltraPro Short QQQ,NASDAQ,ETF
SR,Spire Inc,NYSE,Common Stock
SRAD,Sportradar Group Ag A,NASDAQ,Common Stock
SRBK,SR Bancorp Inc,NASDAQ,Common Stock
SRCE,1st Source Corp,NASDAQ,Common Stock
SRE,Sempra Energy,NYSE,Common Stock
SRET,GlobalX SuperDividend REIT ETF,NASDAQ,ETF
SRFM,Surf Air Mobility Inc,NYSE,Common Stock
SRI,Stoneridge Inc,NYSE,Common Stock
SRL,Scully Royalty Ltd,NYSE,Common Stock
SRLN,State Street SPDR Blackstone Senior Loan ETF,ARCA,ETF
SROI,Calamos Antetokounmpo Global Sustainable Equities ETF,ARCA,ETF
SRPT,Sarepta Therapeutics Inc,NASDAQ,Common Stock
SRRK,Scholar Rock Holding Corp,NASDAQ,Common Stock
SRTA,Strata Critical Medical Inc,NASDAQ CAP,Common Stock
SRTS,Sensus Healthcare Inc,NASDAQ,Common Stock
SRXH,SRX Health Solutions Inc,NYSE American,Common Stock
SRZN,Surrozen Inc,NASDAQ,Common Stock
SSBI,Summit State Bank,NASDAQ,Common Stock
SSD,Simpson Manufacturing Co Inc,NYSE,Common Stock
SSKN,Strata Skin Sciences Inc,NASDAQ,Common Stock
SSL,Sasol Ltd-Sponsored ADR,NYSE,ADR
SSNC,SS&C Technologies Holdings,NASDAQ,Common Stock
SSO,ProShares Ultra S&P500,ARCA,ETF
SSP,The E. W. Scripps Company,NASDAQ,Common Stock
SSRM,SSR Mining Inc.,NASDAQ,Common Stock
SST,System1 Inc,NYSE,Common Stock
SSTI,SoundThinking Inc,NASDAQ CAP,Common Stock
SSTK,Shutterstock Inc,NYSE,Common Stock
SSYS,Stratasys Ltd,NASDAQ,Common Stock
ST,Sensata Technologies Holding,NYSE,Common Stock
STAA,Staar Surgical Co,NASDAQ,Common Stock
STAI,Scantech AI Systems Inc,NASDAQ,Common Stock
STBA,S&T Bancorp Inc,NASDAQ,Common Stock
STC,Stewart Information Services,NYSE,Common Stock
STE,STERIS Corp,NYSE,Common Stock
STEL,Stellar Bancorp Inc,NYSE,Common Stock
STEM,Stem Inc,NYSE,Common Stock
STEP,Stepstone Group Inc Class A,NASDAQ,Common Stock
STEX,Streamex Corp,NASDAQ CAP,Common Stock
STGW,Stagwell Inc,NASDAQ,Common Stock
STHO,Star Holdings,NASDAQ,Common Stock
STIM,Neuronetics Inc,NASDAQ,Common Stock
STKH,Steakholder Foods Ltd,NASDAQ CAP,ADR
STKS,One Group Hospitality Inc,NASDAQ,Common Stock
STLA,Stellantis NV,NYSE,Common Stock
STLD,Steel Dynamics Inc,NASDAQ,Common Stock
STM,Stmicroelectronics Nv Ny Shs,NYSE,ADR
STNE,StoneCo Ltd A,NASDAQ,Common Stock
STNG,Scorpio Tankers Inc,NYSE,Common Stock
STOK,Stoke Therapeutics Inc,NASDAQ,Common Stock
STRA,Strategic Education Inc,NASDAQ,Common Stock
STRL,Sterling Infrastructure Inc,NASDAQ,Common Stock
STRO,Sutro Biopharma Inc,NASDAQ,Common Stock
STRR,Star Equity Holdings Inc,NASDAQ,Common Stock
STRS,Stratus Properties Inc,NASDAQ,Common Stock
STRT,Strattec Security Corp,NASDAQ,Common Stock
STRZ,Starz Entertainment Corp,NASDAQ,Common Stock
STSS,Sharps Technology Inc,NASDAQ,Common Stock
STT,State Street Corp,NYSE,Common Stock
STTK,Shattuck Labs Inc,NASDAQ,Common Stock
STUB,Stubhub Holdings Inc,NYSE,Common Stock
STX,Seagate Technology Holdings PLC,NASDAQ,Common Stock
STXS,Stereotaxis Inc,NYSE American,Common Stock
STZ,Constellation Brands Inc-A,NYSE,Common Stock
SU,Suncor Energy Inc,NYSE,Common Stock
SUNC,SunocoCorp LLC,NYSE,Common Stock
SUNE,SUNation Energy Inc,NASDAQ CAP,Common Stock
SUPN,Supernus Pharmaceuticals Inc,NASDAQ,Common Stock
SUPV,Grupo Supervielle Sa,NYSE,ADR
SUPX,Super X AI Technology Limited,NASDAQ CAP,Common Stock
SURG,Surgepays Inc,NASDAQ,Common Stock
SUSA,iShares ESG Optimized MSCI USA ETF,ARCA,ETF
SUZ,Suzano Sa Spon Adr,NYSE,ADR
SVCO,Silvaco Group Inc,NASDAQ,Common Stock
SVRA,Savara Inc,NASDAQ,Common Stock
SVRN,OceanPal Inc. Common Stock,NASDAQ CAP,Common Stock
SVV,Savers Value Village Inc,NYSE,Common Stock
SW,Smurfit WestRock PLC,NYSE,Common Stock
SWBI,Smith & Wesson Brands Inc. Common Stock,NASDAQ,Common Stock
SWIM,Latham Group Inc,NASDAQ,Common Stock
SWK,Stanley Black & Decker Inc,NYSE,Common Stock
SWKH,Swk Holdings Corp,NASDAQ,Common Stock
SWKS,Skyworks Solutions Inc,NASDAQ,Common Stock
SWVL,Swvl Holdings Corp,NASDAQ,Common Stock
SWX,Southwest Gas Holdings Inc.,NYSE,Common Stock
SXC,SunCoke Energy Inc,NYSE,Common Stock
SXI,Standex International Corp,NYSE,Common Stock
SXT,Sensient Technologies Corp,NYSE,Common Stock
SY,So Young International Adr,NASDAQ,ADR
SYBT,Stock Yards Bancorp Inc,NASDAQ,Common Stock
SYF,Synchrony Financial,NYSE,Common Stock
SYK,Stryker Corp,NYSE,Common Stock
SYM,Symbotic Inc,NASDAQ,Common Stock
SYNA,Synaptics Inc,NASDAQ,Common Stock
SYPR,Sypris Solutions Inc,NASDAQ,Common Stock
SYRE,Spyre Therapeutics Inc,NASDAQ,Common Stock
SYY,Sysco Corp,NYSE,Common Stock
T,AT&T Inc,NYSE,Common Stock
TACT,TransAct Technologies Inc,NASDAQ,Common Stock
TAK,Takeda Pharmaceuticals Sp Adr,NYSE,ADR
TAL,Tal Education Group-ADR,NYSE,ADR
TALK,Talkspace Inc,NASDAQ,Common Stock
TALO,Talos Energy Inc,NYSE,Common Stock
TAN,Invesco Solar ETF,ARCA,ETF
TANH,Tantech Holdings Ltd,NASDAQ,Common Stock
TAOP,Taoping Inc,NASDAQ,Common Stock
TAOX,Tao Synergies Inc Common Stock,NASDAQ CAP,Common Stock
TAP,Molson Coors Beverage Co,NYSE,Common Stock
TARA,Protara Therapeutics Inc. Common Stock,NASDAQ,Common Stock
TARS,Tarsus Pharmaceuticals Inc,NASDAQ,Common Stock
TASK,Taskus Inc,NASDAQ,Common Stock
TATT,Tat Technologies Ltd,NASDAQ,Common Stock
TAYD,Taylor Devices Inc,NASDAQ,Common Stock
TBBB,Bbb Foods Inc,NYSE,Common Stock
TBBK,Bancorp Inc,NASDAQ,Common Stock
TBCH,Turtle Beach Corporation Common Stock,NASDAQ,Common Stock
TBH,Brag House Holdings Inc,NASDAQ,Common Stock
TBHC,The Brand House Collective Inc,NASDAQ,Common Stock
TBI,TrueBlue Inc,NYSE,Common Stock
TBLA,Taboola Com Ltd,NASDAQ,Common Stock
TBMC,Trailblazer Merger Corp I,NASDAQ,Common Stock
TBN,Tamboran Resources Corp,NYSE,Common Stock
TBPH,Theravance Biopharma Inc,NASDAQ,Common Stock
TBRG,TruBridge Inc,NASDAQ,Common Stock
TCBI,Texas Capital Bancshares Inc,NASDAQ,Common Stock
TCBK,Trico Bancshares,NASDAQ,Common Stock
TCBS,Texas Community Bancshares,NASDAQ,Common Stock
TCBX,Third Coast Bancshares Inc,NYSE,Common Stock
TCGL,TechCreate Group Ltd,NYSE Market,Common Stock
TCI,Transcontinental Realty Inv,NYSE,Common Stock
TCMD,Tactile Systems Technology I,NASDAQ,Common Stock
TCOM,Trip.com Group Limited American Depositary Shares,NASDAQ,ADR
TCRT,Alaunos Therapeutics Inc,NASDAQ,Common Stock
TCRX,Tscan Therapeutics Inc,NASDAQ,Common Stock
TCX,Tucows Inc Class A,NASDAQ,Common Stock
TD,The Toronto-Dominion Bank,NYSE,Common Stock
TDAY,USA TODAY Co Inc,NYSE,Common Stock
TDC,Teradata Corp,NYSE,Common Stock
TDG,Transdigm Group Inc,NYSE,Common Stock
TDIC,Dreamland Ltd,NASDAQ,Common Stock
TDIV,First Trust NASDAQ Technology Dividend Index Fund,NASDAQ,ETF
TDOC,Teladoc Health Inc,NYSE,Common Stock
TDS,Telephone & Data Systems,NYSE,Common Stock
TDTH,Trident Digital Tech Holdings Ltd,NASDAQ,ADR
TDUP,Thredup Inc Class A,NASDAQ,Common Stock
TDVI,FT Vest Technology Dividend Target Income ETF,Cboe,ETF
TDW,Tidewater Inc,NYSE,Common Stock
TDY,Teledyne Technologies Inc,NYSE,Common Stock
TE,T1 Energy Inc,NYSE,Common Stock
TEAD,Teads Holding Co,NASDAQ,Common Stock
TEAM,Atlassian Corporation Class A Common Stock,NASDAQ,Common Stock
TECH,Bio-Techne Corp,NASDAQ,Common Stock
TECK,Teck Resources Ltd Cls B,NYSE,Common Stock
TECL,Direxion Daily Technology Bull 3X Shares,ARCA,ETF
TECS,Direxion Daily Technology Bear 3X Shares,ARCA,ETF
TECX,Tectonic Therapeutic Inc,NASDAQ,Common Stock
TEL,TE Connectivity PLC,NYSE,Common Stock
TELA,Tela Bio Inc,NASDAQ,Common Stock
TELO,Telomir Pharmaceuticals Inc,NASDAQ,Common Stock
TEM,Tempus Ai Inc,NASDAQ,Common Stock
TEN,Tsakos Energy Navigation Ltd,NYSE,Common Stock
TENB,Tenable Holdings Inc,NASDAQ,Common Stock
TENX,Tenax Therapeutics Inc,NASDAQ,Common Stock
TEO,Telecom Argentina Sa Sp Adr,NYSE,ADR
TER,Teradyne Inc,NASDAQ,Common Stock
TERN,Terns Pharmaceuticals Inc,NASDAQ,Common Stock
TEVA,Teva Pharmaceutical-Sp ADR,NYSE,ADR
TEX,Terex Corp,NYSE,Common Stock
TFC,Truist Financial Corp,NYSE,Common Stock
TFIN,Triumph Financial Inc.,NYSE,Common Stock
TFSL,TFS Financial Corp,NASDAQ,Common Stock
TFX,Teleflex Inc,NYSE,Common Stock
TG,Tredegar Corp,NYSE,Common Stock
TGEN,Tecogen Inc,NYSE Market,Common Stock
TGHL,Growhub Ltd,NASDAQ,Common Stock
TGL,Treasure Global Inc,NASDAQ,Common Stock
TGLS,Tecnoglass Inc,NYSE,Common Stock
TGNA,Tegna Inc,NYSE,Common Stock
TGS,Transportador Gas Adr Sp B,NYSE,ADR
TGT,Target Corp,NYSE,Common Stock
TGTX,TG Therapeutics Inc,NASDAQ,Common Stock
TH,Target Hospitality Corp,NASDAQ,Common Stock
THAR,Tharimmune Inc,NASDAQ,Common Stock
THC,Tenet Healthcare Corp,NYSE,Common Stock
THD,iShares MSCI Thailand ETF,ARCA,ETF
THFF,First Financial Corp/Indiana,NASDAQ,Common Stock
THG,The Hanover Insurance Group Inc,NYSE,Common Stock
THO,Thor Industries Inc,NYSE,Common Stock
THR,Thermon Group Holdings Inc,NYSE,Common Stock
THRM,Gentherm Inc,NASDAQ,Common Stock
THRY,Thryv Holdings Inc,NASDAQ,Common Stock
THS,TreeHouse Foods Inc,NYSE,Common Stock
TIC,TIC Solutions Inc,NYSE,Common Stock
TIGO,Millicom Intl Cellular S.A.,NASDAQ,Common Stock
TIGR,Up Fintech Holding Ltd Adr,NASDAQ,ADR
TIL,Instil Bio Inc,NASDAQ,Common Stock
TILE,Interface Inc,NASDAQ,Common Stock
TIMB,Tim Sa Adr,NYSE,ADR
TIP,iShares TIPS Bond ETF,ARCA,ETF
TIPT,Tiptree Inc,NASDAQ,Common Stock
TISI,Team Inc,NYSE,Common Stock
TITN,Titan Machinery Inc,NASDAQ,Common Stock
TIVC,Tivic Health Systems Inc,NASDAQ,Common Stock
TJGC,TJGC Group Limited,NASDAQ CAP,Common Stock
TJX,TJX Companies Inc,NYSE,Common Stock
TK,Teekay Corp Ltd,NYSE,Common Stock
TKC,Turkcell Iletisim Hizmetleri,NYSE,ADR
TKNO,Alpha Teknova Inc,NASDAQ,Common Stock
TKO,TKO Group Holdings Inc,NYSE,Common Stock
TKR,Timken Co,NYSE,Common Stock
TLF,Tandy Leather Factory Inc,NASDAQ,Common Stock
TLK,Telkom Indonesia Persero Adr,NYSE,ADR
TLN,Talen Energy Corp,NASDAQ,Common Stock
TLPH,Talphera Inc,NASDAQ,Common Stock
TLRY,Tilray Brands Inc Common Stock,NASDAQ,Common Stock
TLS,Telos Corporation,NASDAQ,Common Stock
TLSI,Trisalus Life Sciences Inc,NASDAQ,Common Stock
TLT,iShares 20 plus Year Treasury Bond ETF,NASDAQ,ETF
TLTX,Global X Treasury Bond Enhanced Income ETF,Cboe,ETF
TLX,Telix Pharmaceuticals Ltd,NASDAQ,ADR
TLYS,Tilly's Inc,NYSE,Common Stock
TM,Toyota Motor Corporation,NYSE,ADR
TMC,Tmc The Metals Co Inc,NASDAQ,Common Stock
TMCI,Treace Medical Concepts Inc,NASDAQ,Common Stock
TMDX,Transmedics Group Inc,NASDAQ,Common Stock
TME,Tencent Music Entertainm Adr,NYSE,ADR
TMF,Direxion Daily 20 plus Year Treasury Bull 3X Shares,ARCA,ETF
TMHC,Taylor Morrison Home Corp-A,NYSE,Common Stock
TMO,Thermo Fisher Scientific Inc,NYSE,Common Stock
TMP,Tompkins Financial Corp,NYSE American,Common Stock
TMUS,T-Mobile US Inc,NASDAQ,Common Stock
TMV,Direxion Daily 20 plus Year Treasury Bear 3X Shares,ARCA,ETF
TNA,Direxion Daily Small Cap Bull 3X Shares,ARCA,ETF
TNC,Tennant Co,NYSE,Common Stock
TNDM,Tandem Diabetes Care Inc,NASDAQ,Common Stock
TNET,Trinet Group Inc,NYSE,Common Stock
TNGX,Tango Therapeutics Inc,NASDAQ,Common Stock
TNK,Teekay Tankers Ltd-Class A,NYSE,Common Stock
TNL,Travel Leisure,NYSE,Common Stock
TNMG,TNL Mediagene ,NASDAQ CAP,Common Stock
TNON,Tenon Medical Inc,NASDAQ,Common Stock
TNXP,Tonix Pharmaceuticals Holdin,NASDAQ CAP,Common Stock
TNYA,Tenaya Therapeutics Inc,NASDAQ,Common Stock
TOI,Oncology Institute Inc,NASDAQ,Common Stock
TOK,iShares MSCI Kokusai ETF,ARCA,ETF
TOL,Toll Brothers Inc,NYSE,Common Stock
TONX,TON Strategy Company,NASDAQ CAP,Common Stock
TOON,Kartoon Studios Inc,NYSE American,Common Stock
TOP,TOP Financial Group Ltd,NASDAQ,Common Stock
TOPP,Toppoint Holdings Inc,NYSE Market,Common Stock
TOPS,Top Ships Inc,NYSE American,Common Stock
TOST,Toast Inc Class A,NYSE,Common Stock
TOTL,State Street SPDR Doubleline Total Return Tactical ETF,ARCA,ETF
TOVX,Theriva Biologics Inc,NYSE American,Common Stock
TOWN,Towne Bank,NASDAQ,Common Stock
TOYO,TOYO Co Ltd,NASDAQ CAP,Common Stock
TPB,Turning Point Brands Inc,NYSE,Common Stock
TPC,Tutor Perini Corp,NYSE,Common Stock
TPCS,Techprecision Corp,NASDAQ,Common Stock
TPET,Trio Petroleum Corp,NYSE Market,Common Stock
TPG,TPG Inc,NASDAQ,Common Stock
TPH,Tri Pointe Homes Inc,NYSE,Common Stock
TPL,Texas Pacific Land Corp,NYSE,Common Stock
TPR,TAPESTRY INC,NYSE,Common Stock
TPST,Tempest Therapeutics Inc. Common Stock,NASDAQ,Common Stock
TQQQ,ProShares UltraPro QQQ,NASDAQ,ETF
TQQY,GraniteShares YieldBOOST QQQ ETF,NASDAQ,ETF
TR,Tootsie Roll Inds,NYSE,Common Stock
TRAK,ReposiTrak Inc,NYSE,Common Stock
TRAW,Traws Pharma,NASDAQ CAP,Common Stock
TRC,Tejon Ranch Co,NYSE,Common Stock
TRDA,Entrada Therapeutics Inc,NASDAQ,Common Stock
TREE,LendingTree Inc.,NASDAQ,Common Stock
TREX,Trex Company Inc,NYSE,Common Stock
TRGP,Targa Resources Corp,NYSE,Common Stock
TRI,Thomson Reuters Corp,NASDAQ,Common Stock
TRIP,Tripadvisor Inc,NASDAQ,Common Stock
TRMB,Trimble Inc,NASDAQ,Common Stock
TRMD,Torm Plc A,NASDAQ,Common Stock
TRMK,Trustmark Corp,NASDAQ,Common Stock
TRN,Trinity Industries Inc,NYSE,Common Stock
TRNR,Interactive Strength Inc,NASDAQ,Common Stock
TRNS,Transcat Inc,NASDAQ,Common Stock
TRON,Tron Inc,NASDAQ CAP,Common Stock
TROO,Troops Inc,NASDAQ,Common Stock
TROW,T Rowe Price Group Inc,NASDAQ,Common Stock
TROX,Tronox Holdings Plc A,NYSE,Common Stock
TRP,TC Energy Corporation,NYSE,Common Stock
TRS,Trimas Corp,NASDAQ,Common Stock
TRSG,Tungray Technologies Inc,NASDAQ,Common Stock
TRST,Trustco Bank Corp NY,NASDAQ,Common Stock
TRT,Trio Tech International,NYSE American,Common Stock
TRU,Transunion,NYSE,Common Stock
TRUG,TruGolf Holdings Inc,NASDAQ CAP,Common Stock
TRUP,Trupanion Inc,NASDAQ,Common Stock
TRV,The Travelers Companies Inc,NYSE,Common Stock
TRVG,Trivago Nv - Adr,NASDAQ,ADR
TRVI,Trevi Therapeutics Inc,NASDAQ,Common Stock
TS,Tenaris Sa Adr,NYSE,ADR
TSAT,Telesat Corp ,NASDAQ,Common Stock
TSBK,Timberland Bancorp Inc,NASDAQ,Common Stock
TSCO,Tractor Supply Company,NASDAQ,Common Stock
TSDD,GraniteShares 2x Short TSLA Daily ETF,NASDAQ,ETF
TSE,Trinseo PLC,NYSE,Common Stock
TSEM,Tower Semiconductor Ltd,NASDAQ,Common Stock
TSHA,Taysha Gene Therapies Inc,NASDAQ,Common Stock
TSII,REX TSLA Growth & Income ETF,Cboe,ETF
TSLA,Tesla Inc,NASDAQ,Common Stock
TSLG,Leverage Shares 2x Long TSLA Daily ETF,NASDAQ,ETF
TSLL,Direxion Daily TSLA Bull 2X Shares,NASDAQ,ETF
TSLR,GraniteShares 2x Long TSLA Daily ETF,NASDAQ,ETF
TSLS,Direxion Daily TSLA Bear 1X Shares,NASDAQ,ETF
TSLT,T-Rex 2X Long Tesla Daily Target ETF,Cboe,ETF
TSLW,Roundhill TSLA Weeklypay ETF,Cboe,ETF
TSLY,Yieldmax TSLA Option Income ETF,ARCA,ETF
TSLZ,T-Rex 2X Inverse Tesla Daily Target ETF,Cboe,ETF
TSM,Taiwan Semiconductor Sp Adr,NYSE,ADR
TSMU,GraniteShares 2x Long TSM Daily ETF,NASDAQ,ETF
TSMX,Direxion Daily TSM Bull 2X Shares,NASDAQ,ETF
TSMZ,Direxion Daily TSM Bear 1X Shares,NASDAQ,ETF
TSN,Tyson Foods Inc-Cl A,NYSE,Common Stock
TSQ,Townsquare Media Inc Cl A,NYSE,Common Stock
TSSI,Tss Inc,NASDAQ,Common Stock
TSYY,GraniteShares YieldBOOST TSLA ETF,NASDAQ,ETF
TT,Trane Technologies PLC,NYSE,Common Stock
TTAN,Servicetitan Inc A,NASDAQ,Common Stock
TTC,Toro Co,NYSE,Common Stock
TTD,Trade Desk Inc Cl A,NASDAQ,Common Stock
TTDU,T-REX 2x Long TTD Daily Target ETF,Cboe,ETF
TTEC,TTEC Holdings Inc,NASDAQ,Common Stock
TTEK,Tetra Tech Inc,NASDAQ,Common Stock
TTGT,Techtarget,NASDAQ,Common Stock
TTI,Tetra Technologies Inc,NYSE,Common Stock
TTMI,TTM Technologies,NASDAQ,Common Stock
TTRX,Turn Therapeutics Inc,NASDAQ,Common Stock
TTWO,Take-Two Interactive Softwre,NASDAQ,Common Stock
TULP,Bloomia Holdings Inc,NASDAQ CAP,Common Stock
TUR,iShares MSCI Turkey ETF,NASDAQ,ETF
TUSK,Mammoth Energy Services Inc,NASDAQ,Common Stock
TUYA,Tuya Inc,NYSE,ADR
TV,Grupo Televisa Sa Spon Adr,NYSE,ADR
TVGN,Tevogen Bio Holdings Inc,NASDAQ,Common Stock
TVRD,Tvardi Therapeutics Inc,NASDAQ CAP,Common Stock
TVTX,Travere Therapeutics Inc. Common Stock,NASDAQ,Common Stock
TW,Tradeweb Markets Inc Class A,NASDAQ,Common Stock
TWAV,TaoWeave Inc,NASDAQ CAP,Common Stock
TWFG,TWFG Inc,NASDAQ,Common Stock
TWG,Top Wealth Group Holding Ltd,NASDAQ,Common Stock
TWI,Titan International Inc,NYSE,Common Stock
TWIN,Twin Disc Inc,NASDAQ,Common Stock
TWLO,Twilio Inc - A,NYSE,Common Stock
TWST,Twist Bioscience Corp,NASDAQ,Common Stock
TX,Ternium Sa Sponsored Adr,NYSE,ADR
TXG,10X Genomics Inc,NASDAQ,Common Stock
TXMD,TherapeuticsMD Inc,NASDAQ,Common Stock
TXN,Texas Instruments Inc,NASDAQ,Common Stock
TXNM,TXNM Energy Inc,NYSE,Common Stock
TXRH,Texas Roadhouse Inc,NASDAQ,Common Stock
TXT,Textron Inc,NYSE,Common Stock
TYL,Tyler Technologies Inc,NYSE,Common Stock
TYRA,Tyra Biosciences Inc,NASDAQ,Common Stock
TZA,Direxion Daily Small Cap Bear 3X Shares,ARCA,ETF
TZOO,Travelzoo,NASDAQ,Common Stock
U,Unity Software Inc,NYSE,Common Stock
UA,Under Armour Inc-Class C,NYSE,Common Stock
UAA,Under Armour Inc-Class A,NYSE,Common Stock
UAL,United Airlines Holdings Inc. Common Stock,NASDAQ,Common Stock
UAMY,United States Antimony Corp,NYSE Market,Common Stock
UAVS,AgEagle Aerial Systems Inc,NYSE American,Common Stock
UBCP,United Bancorp Inc Ohio,NASDAQ,Common Stock
UBER,Uber Technologies Inc,NYSE,Common Stock
UBFO,United Security Bancshare Ca,NASDAQ,Common Stock
UBOT,Direxion Daily Robotics Artificial Intelligence & Automation Index Bull 2X Shares,ARCA,ETF
UBRL,GraniteShares 2x Long UBER Daily ETF,NASDAQ,ETF
UBS,Ubs Group Ag-Reg,NYSE,Common Stock
UBSI,United Bankshares Inc,NASDAQ,Common Stock
UCB,United Community Banks Inc,NYSE,Common Stock
UCFI,CN Healthy Food Tech Group Corp,NASDAQ CAP,Common Stock
UCL,Ucloudlink Group Inc,NASDAQ,ADR
UCTT,Ultra Clean Holdings Inc,NASDAQ,Common Stock
UDMY,Udemy Inc,NASDAQ,Common Stock
UDOW,ProShares UltraPro Dow30,ARCA,ETF
UEC,Uranium Energy Corp,NYSE American,Common Stock
UEIC,Universal Electronics Inc,NASDAQ,Common Stock
UFCS,United Fire Group Inc,NASDAQ,Common Stock
UFG,Uni Fuels Holdings Ltd,NASDAQ,Common Stock
UFI,Unifi Inc,NYSE,Common Stock
UFPI,UFP Industries Inc. Common Stock,NASDAQ,Common Stock
UFPT,UFP Technologies Inc,NASDAQ,Common Stock
UG,United Guardian Inc,NASDAQ,Common Stock
UGI,UGI Corp,NYSE,Common Stock
UGRO,Urban Gro Inc,NASDAQ,Common Stock
UHAL,U-Haul Holding Co,NYSE,Common Stock
UHAL.B,U Haul Holding Co B,NYSE,Common Stock
UHG,United Homes Group Inc,NASDAQ,Common Stock
UHS,Universal Health Services-B,NYSE,Common Stock
UI,Ubiquiti Networks Inc,NYSE,Common Stock
UIS,Unisys Corp,NYSE,Common Stock
UL,Unilever plc ADR,NYSE,ADR
ULBI,Ultralife Corp,NASDAQ,Common Stock
ULCC,Frontier Group Holdings Inc,NASDAQ,Common Stock
ULH,Universal Logistics Holdings Inc,NASDAQ,Common Stock
ULS,Ul Solutions Inc,NYSE,Common Stock
ULTA,Ulta Beauty Inc.,NASDAQ,Common Stock
ULTI,REX IncomeMax Option Strategy ETF,NASDAQ,ETF
ULTY,YieldMax Ultra Option Income Strategy ETF,ARCA,ETF
UMAC,Unusual Machines Inc,NYSE Market,Common Stock
UMBF,UMB Financial Corp,NASDAQ,Common Stock
UMC,United Microelectron Sp Adr,NYSE,ADR
UNB,Union Bankshares Inc /Vt,NASDAQ,Common Stock
UNCY,Unicycive Therapeutics Inc,NASDAQ,Common Stock
UNF,Unifirst Corp/Ma,NYSE,Common Stock
UNFI,United Natural Foods Inc,NYSE,Common Stock
UNH,UnitedHealth Group Inc,NYSE,Common Stock
UNHG,Leverage Shares 2X Long UNH Daily ETF,NASDAQ,ETF
UNM,UNUM Group,NYSE,Common Stock
UNP,Union Pacific Corp,NYSE,Common Stock
UNTY,Unity Bancorp Inc,NASDAQ,Common Stock
UONE,Urban One Inc,NASDAQ,Common Stock
UONEK,Urban One Inc,NASDAQ,Common Stock
UP,Wheels Up Experience Inc,NYSE,Common Stock
UPB,Upstream Bio Inc,NASDAQ,Common Stock
UPBD,Upbound Group Inc,NASDAQ,Common Stock
UPLD,Upland Software Inc,NASDAQ,Common Stock
UPRO,ProShares UltraPro S&P500,ARCA,ETF
UPS,United Parcel Service-Cl B,NYSE,Common Stock
UPST,Upstart Holdings Inc,NASDAQ,Common Stock
UPWK,Upwork Inc,NASDAQ,Common Stock
UPXI,Upexi Inc,NASDAQ CAP,Common Stock
URA,Global X Uranium ETF,ARCA,ETF
URBN,Urban Outfitters Inc,NASDAQ,Common Stock
URG,Ur-Energy Inc,NYSE Market,Common Stock
URGN,Urogen Pharma Ltd,NASDAQ,Common Stock
URI,United Rentals Inc,NYSE,Common Stock
UROY,Uranium Royalty Corp,NASDAQ,Common Stock
USAR,USA Rare Earth Inc,NASDAQ,Common Stock
USAS,Americas Silver Corp,NYSE American,Common Stock
USAU,Us Gold Corp,NASDAQ,Common Stock
USB,US Bancorp,NYSE,Common Stock
USCB,Uscb Financial Holdings Inc,NASDAQ,Common Stock
USD,ProShares Ultra Semiconductors,ARCA,ETF
USEA,United Maritime Corp,NASDAQ,Common Stock
USEG,U S Energy Corp Wyoming,NASDAQ,Common Stock
USFD,Us Foods Holding Corp,NYSE,Common Stock
USGO,US Goldmining Inc,NASDAQ,Common Stock
USIG,iShares Broad USD Investment Grade Corporate Bond ETF,NASDAQ,ETF
USIO,Usio Inc,NASDAQ,Common Stock
USLM,United States Lime & Mineral,NASDAQ,Common Stock
USNA,USANA Health Sciences Inc,NYSE,Common Stock
USPH,U.S. Physical Therapy Inc,NYSE,Common Stock
UTHR,United Therapeutics Corp,NASDAQ,Common Stock
UTI,Universal Technical Institut,NYSE,Common Stock
UTL,Unitil Corp,NYSE,Common Stock
UTMD,Utah Medical Products Inc,NASDAQ,Common Stock
UTSI,Utstarcom Holdings Corp,NASDAQ,Common Stock
UTZ,Utz Brands Inc,NYSE,Common Stock
UUU,Universal Safety Products Inc,NYSE American,Common Stock
UUUU,Energy Fuels Inc,NYSE American,Common Stock
UVE,Universal Insurance Holdings,NYSE,Common Stock
UVSP,Univest Financial Corporation Common Stock,NASDAQ,Common Stock
UVV,Universal Corp/Va,NYSE,Common Stock
UVXY,ProShares Ultra VIX Short-Term Futures ETF,Cboe,ETF
UWMC,UYM Holdings Corp,NYSE,Common Stock
V,Visa Inc-Class A Shares,NYSE,Common Stock
VABK,Virginia National Bankshares,NASDAQ,Common Stock
VAC,Marriott Vacations World,NYSE,Common Stock
VACH,Voyager Acquisition Corp,NASDAQ,Common Stock
VAL,Valaris Ltd,NYSE,Common Stock
VALE,Vale Sa-Sp ADR,NYSE,ADR
VALU,Value Line Inc,NASDAQ,Common Stock
VANI,Vivani Medical Inc,NASDAQ CAP,Common Stock
VATE,Innovate Corp,NYSE,Common Stock
VAW,Vanguard Materials ETF,ARCA,ETF
VB,Vanguard Small-Cap ETF,ARCA,ETF
VBK,Vanguard Small-Cap Growth ETF,ARCA,ETF
VBR,Vanguard Small-Cap Value ETF,ARCA,ETF
VC,Visteon Corp,NASDAQ,Common Stock
VCEL,Vericel Corp,NASDAQ,Common Stock
VCIC,Vine Hill Capital Investment Corp,NASDAQ,Common Stock
VCIT,Vanguard Intermediate-Term Corporate Bond ETF,NASDAQ,ETF
VCLT,Vanguard Long-Term Corporate Bond ETF,NASDAQ,ETF
VCR,Vanguard Consumer Discretionary ETF,ARCA,ETF
VCSH,Vanguard Short-Term Corporate Bond ETF,NASDAQ,ETF
VCTR,Victory Capital Holding A,NASDAQ,Common Stock
VCYT,Veracyte Inc,NASDAQ,Common Stock
VDC,Vanguard Consumer Staple ETF,ARCA,ETF
VDE,Vanguard Energy ETF,ARCA,ETF
VEA,Vanguard FTSE Developed Markets ETF,ARCA,ETF
VECO,Veeco Instruments Inc,NASDAQ,Common Stock
VEEA,Veea Inc,NASDAQ,Common Stock
VEEE,Twin Vee Powercats Co,NASDAQ,Common Stock
VEEV,Veeva Systems Inc-Class A,NYSE,Common Stock
VEL,Velocity Financial Inc,NYSE,Common Stock
VELO,Velo3D Inc,NASDAQ CAP,Common Stock
VENU,Venu Holding Corp,NYSE Market,Common Stock
VEON,VEON Ltd ADS,NASDAQ,ADR
VERA,Vera Therapeutics Inc,NASDAQ,Common Stock
VERI,Veritone Inc,NASDAQ,Common Stock
VERO,Venus Concept Inc,NASDAQ,Common Stock
VERU,Veru Inc,NASDAQ,Common Stock
VERX,Vertex Inc Class A,NASDAQ,Common Stock
VEU,Vanguard FTSE All-World ex-US ETF,ARCA,ETF
VFC,VF Corp,NYSE,Common Stock
VFH,Vanguard Financials ETF,ARCA,ETF
VFS,Vinfast Auto Ltd,NASDAQ,Common Stock
VG,Venture Global Inc,NYSE,Common Stock
VGAS,Verde Clean Fuels Inc,NASDAQ,Common Stock
VGIT,Vanguard Intermediate-Term Treasury ETF,NASDAQ,ETF
VGK,Vanguard FTSE Europe ETF,ARCA,ETF
VGLT,Vanguard Long-Term Treasury ETF,NASDAQ,ETF
VGSH,Vanguard Short-Term Treasury ETF,NASDAQ,ETF
VGT,Vanguard Information Technology ETF,ARCA,ETF
VHC,Virnetx Holding Corp,NASDAQ,Common Stock
VHI,Valhi Inc,NYSE,Common Stock
VHT,Vanguard Health Care ETF,ARCA,ETF
VIA,Via Transportation Inc,NYSE,Common Stock
VIAV,Viavi Solutions Inc,NASDAQ,Common Stock
VICR,Vicor Corp,NASDAQ,Common Stock
VIG,Vanguard Dividend Appreciation ETF,ARCA,ETF
VIK,Viking Holdings Ltd,NYSE,Common Stock
VIOG,Vanguard S&P Small-Cap 600 Growth ETF,ARCA,ETF
VIOO,Vanguard S&P Small-Cap 600 E,ARCA,ETF
VIOT,Viomi Technology Co Ltd Adr,NASDAQ,ADR
VIOV,Vanguard S&P Small-Cap 600 Value ETF,ARCA,ETF
VIPS,Vipshop Holdings Ltd - Ads,NYSE,ADR
VIR,Vir Biotechnology Inc,NASDAQ,Common Stock
VIRC,Virco Mfg Corporation,NASDAQ,Common Stock
VIRT,Virtu Financial Inc,NYSE,Common Stock
VIS,Vanguard Industrials ETF,ARCA,ETF
VISN,Vistance Networks Inc,NASDAQ,Common Stock
VIST,Vista Oil And Gas Sab De Cv,NYSE,ADR
VITL,Vital Farms Inc,NASDAQ,Common Stock
VIV,Telefonica Brasil SA,NYSE,ADR
VIVS,VivoSim Labs Inc,NASDAQ CAP,Common Stock
VKTX,Viking Therapeutics Inc,NASDAQ,Common Stock
VLGEA,Village Super Market-Class A,NASDAQ,Common Stock
VLN,Valens Semiconductor Ltd,NYSE,Common Stock
VLO,Valero Energy Corp,NYSE,Common Stock
VLRS,Controladora Vuela Cia Adr,NYSE,ADR
VLTO,Veralto Corp,NYSE,Common Stock
VLY,Valley National Bancorp,NASDAQ,Common Stock
VMAR,Vision Marine Technologies,NASDAQ,Common Stock
VMBS,Vanguard Mortgage-Backed Securities ETF,NASDAQ,ETF
VMC,Vulcan Materials Co,NYSE,Common Stock
VMI,Valmont Industries,NYSE,Common Stock
VNCE,Vince Holding Corp,NASDAQ,Common Stock
VNDA,Vanda Pharmaceuticals Inc,NASDAQ,Common Stock
VNET,VNET Group Inc. American Depositary Shares,NASDAQ,ADR
VNM,VanEck Vietnam ETF,Cboe,ETF
VNOM,Viper Energy Inc,NASDAQ,Common Stock
VNRX,Volitionrx Ltd,NYSE Market,Common Stock
VNT,Vontier Corp,NYSE,Common Stock
VNTG,Vantage Corp,NYSE Market,Common Stock
VO,Vanguard Mid-Cap ETF,ARCA,ETF
VOD,Vodafone Group plc ADR,NASDAQ,ADR
VOE,Vanguard Mid-Cap Value ETF,ARCA,ETF
VONE,Vanguard Russell 1000,NASDAQ,ETF
VONG,Vanguard Russell 1000 Growth ETF,NASDAQ,ETF
VONV,Vanguard Russell 1000 Value,NASDAQ,ETF
VOO,Vanguard S&P 500 ETF,ARCA,ETF
VOOG,Vanguard S&P 500 Growth ETF,ARCA,ETF
VOOV,Vanguard S&P 500 Value ETF,ARCA,ETF
VOR,Vor Biopharma Inc,NASDAQ,Common Stock
VOT,Vanguard Mid-Cap Growth ETF,ARCA,ETF
VOX,Vanguard Communication Services ETF,ARCA,ETF
VOYA,Voya Financial Inc,NYSE,Common Stock
VOYG,Voyager Technologies Inc,NYSE,Common Stock
VPG,Vishay Precision Group,NYSE,Common Stock
VPL,Vanguard FTSE Pacific ETF,ARCA,ETF
VPU,Vanguard Utilities ETF,ARCA,ETF
VRA,Vera Bradley Inc,NASDAQ,Common Stock
VRAR,Glimpse Group Inc,NASDAQ,Common Stock
VRAX,Virax Biolabs Group Ltd,NASDAQ,Common Stock
VRCA,Verrica Pharmaceuticals Inc,NASDAQ,Common Stock
VRDN,Viridian Therapeutics Inc,NASDAQ,Common Stock
VREX,Varex Imaging Corp,NASDAQ,Common Stock
VRME,Verifyme Inc,NASDAQ,Common Stock
VRNS,Varonis Systems Inc,NASDAQ,Common Stock
VRRM,Verra Mobility Corp,NASDAQ,Common Stock
VRSK,Verisk Analytics Inc,NASDAQ,Common Stock
VRSN,Verisign Inc,NASDAQ,Common Stock
VRT,Vertiv Holdings Co,NYSE,Common Stock
VRTL,GraniteShares 2x Long VRT Daily ETF,NASDAQ,ETF
VRTS,Virtus Investment Partners,NYSE,Common Stock
VRTX,Vertex Pharmaceuticals Inc,NASDAQ,Common Stock
VSAT,Viasat Inc,NASDAQ,Common Stock
VSCO,Victorias Secret And Co,NYSE,Common Stock
VSEC,VSE Corp,NASDAQ,Common Stock
VSEE,VSee Health Inc,NASDAQ CAP,Common Stock
VSH,Vishay Intertechnology Inc,NYSE,Common Stock
VSME,VS MEDIA Holdings Ltd,NASDAQ,Common Stock
VSNT,Versant Media Group Inc,NASDAQ,Common Stock
VSS,Vanguard FTSE All-World ex-US Small-Cap ETF,ARCA,ETF
VST,Vistra Corp,NYSE,Common Stock
VSTA,Vasta Platform Ltd,NASDAQ,Common Stock
VSTD,Vestand Inc,NASDAQ,Common Stock
VSTM,Verastem Inc,NASDAQ,Common Stock
VSTS,Vestis Corp,NYSE,Common Stock
VT,Vanguard Total World Stock ETF,ARCA,ETF
VTAK,Catheter Precision Inc,NYSE American,Common Stock
VTEX,Vtex Class A,NYSE,Common Stock
VTGN,Vistagen Therapeutics Inc,NASDAQ,Common Stock
VTHR,Vanguard Russell 3000 ETF,NASDAQ,ETF
VTI,Vanguard Total Stock Market ETF,ARCA,ETF
VTIP,Vanguard Short-Term Inflation-Protected Securities ETF,NASDAQ,ETF
VTIX,Virtuix Holdings Inc,NASDAQ,Common Stock
VTMX,Vesta Real Estate Corporation,NYSE,ADR
VTOL,Bristow Group Inc,NYSE,Common Stock
VTRS,Viatris Inc,NASDAQ,Common Stock
VTS,Vitesse Energy Inc,NYSE,Common Stock
VTSI,Virtra Inc,NASDAQ,Common Stock
VTV,Vanguard Value ETF,ARCA,ETF
VTVT,vTv Therapeutics Inc- Cl A,NASDAQ,Common Stock
VTWG,Vanguard Russell 2000 Growth ETF,NASDAQ,ETF
VTWO,Vanguard Russell 2000 ETF,NASDAQ,ETF
VTWV,Vanguard Russell 2000 Value ETF,NASDAQ,ETF
VTYX,Ventyx Biosciences Inc,NASDAQ,Common Stock
VUG,Vanguard Growth ETF,ARCA,ETF
VUZI,Vuzix Corp,NASDAQ,Common Stock
VV,Vanguard Large-Cap ETF,ARCA,ETF
VVOS,Vivos Therapeutics Inc,NASDAQ,Common Stock
VVPR,Vivopower International Plc,NASDAQ,Common Stock
VVV,Valvoline Inc,NYSE,Common Stock
VVX,V2X Inc,NYSE,Common Stock
VWAV,Visionwave Holdings Inc,NASDAQ,Common Stock
VWO,Vanguard FTSE Emerging Markets ETF,ARCA,ETF
VWOB,Vanguard Emerging Markets Government Bond ETF,NASDAQ,ETF
VXF,Vanguard Extended Market ETF,ARCA,ETF
VXUS,Vanguard Total International Stock ETF,NASDAQ,ETF
VYGR,Voyager Therapeutics Inc,NASDAQ,Common Stock
VYM,Vanguard High Dividend Yield ETF,ARCA,ETF
VYNE,VYNE Therapeutics Inc. Common Stock,NASDAQ,Common Stock
VYX,NCR Voyix Corp,NYSE,Common Stock
VZ,Verizon Communications Inc,NYSE,Common Stock
W,Wayfair Inc- Class A,NYSE,Common Stock
WAB,Wabtec Corp,NYSE,Common Stock
WABC,Westamerica Bancorporation,NASDAQ,Common Stock
WAFD,WaFd Inc,NASDAQ,Common Stock
WAFU,Wah Fu Education Group Ltd,NASDAQ,Common Stock
WAL,Western Alliance Bancorp,NYSE,Common Stock
WALD,Waldencast Acquisition Cor A,NASDAQ,Common Stock
WASH,Washington Trust Bancorp,NASDAQ,Common Stock
WAT,Waters Corp,NYSE,Common Stock
WATT,Energous Corp,NASDAQ,Common Stock
WAVE,Eco Wave Power Global Ab Adr,NASDAQ,ADR
WAY,Waystar Holding Corp,NASDAQ,Common Stock
WB,Weibo Corporation ADR,NASDAQ,ADR
WBD,Warner Bros Discovery Inc,NASDAQ,Common Stock
WBI,WaterBridge Infrastructure LLC,NYSE,Common Stock
WBS,Webster Financial Corp,NYSE,Common Stock
WBTN,Webtoon Entertainment Inc,NASDAQ,Common Stock
WBX,Wallbox Nv,NYSE,Common Stock
WCC,Wesco International Inc,NYSE,Common Stock
WCME,First Trust WCM Developing World Equity ETF,ARCA,ETF
WCMI,First Trust WCM International Equity ETF,ARCA,ETF
WCN,Waste Connections Inc,NYSE,Common Stock
WCT,Wellchange Holdings Co Ltd,NASDAQ,Common Stock
WD,Walker & Dunlop Inc,NYSE,Common Stock
WDAY,Workday Inc-Class A,NASDAQ,Common Stock
WDC,Western Digital Corp,NASDAQ,Common Stock
WDFC,WD-40 Co,NASDAQ,Common Stock
WDH,Waterdrop Inc,NYSE,ADR
WDIV,State Street SPDR S&P Global Dividend ETF,ARCA,ETF
WDS,Woodside Energy Group Adr,NYSE,ADR
WEAV,Weave Communications Inc,NYSE,Common Stock
WEBL,Direxion Daily Dow Jones Internet Bull 3X Shares,ARCA,ETF
WEBS,Direxion Daily Dow Jones Internet Bear 3X Shares,ARCA,ETF
WEC,Wisconsin Energy Corp,NYSE,Common Stock
WEN,The Wendy's Company,NASDAQ,Common Stock
WERN,Werner Enterprises Inc,NASDAQ,Common Stock
WEST,Westrock Coffee Co,NASDAQ,Common Stock
WEX,WEX Inc,NYSE,Common Stock
WEYS,Weyco Group Inc,NASDAQ,Common Stock
WF,Woori Financial Group Inc,NYSE,ADR
WFC,Wells Fargo & Co,NYSE,Common Stock
WFCF,Where Food Comes From Inc,NASDAQ,Common Stock
WFF,WF Holding Ltd,NASDAQ,Common Stock
WFRD,Weatherford International Pl,NASDAQ,Common Stock
WGO,Winnebago Industries,NYSE,Common Stock
WGRX,Wellgistics Health Inc,NASDAQ,Common Stock
WGS,GeneDx Holdings Corp,NASDAQ,Common Stock
WH,Wyndham Hotels And Resorts Inc,NYSE,Common Stock
WHD,Cactus Inc A,NYSE,Common Stock
WHG,Westwood Holdings Group Inc,NYSE,Common Stock
WHR,Whirlpool Corp,NYSE,Common Stock
WHWK,Whitehawk Therapeutics Inc,NASDAQ CAP,Common Stock
WILC,G. Willi Food International,NASDAQ,Common Stock
WIMI,WiMi Hologram Cloud Inc,NASDAQ,Common Stock
WINA,Winmark Corp,NASDAQ,Common Stock
WING,Wingstop Inc,NASDAQ,Common Stock
WIT,Wipro Ltd-Adr,NYSE,ADR
WIX,Wix.Com Ltd,NASDAQ,Common Stock
WK,Workiva Inc,NYSE,Common Stock
WKC,World Kinect Corp,NYSE,Common Stock
WKEY,Wisekey Intl Holdings Adr,NASDAQ,ADR
WKHS,Workhorse Group Inc,NASDAQ,Common Stock
WKSP,Worksport Ltd,NASDAQ,Common Stock
WLAC,Willow Lane Acquisition Corp,NASDAQ,Common Stock
WLDN,Willdan Group Inc,NASDAQ,Common Stock
WLFC,Willis Lease Finance Corp,NASDAQ,Common Stock
WLK,Westlake Corp,NYSE,Common Stock
WLTH,Wealthfront Corp,NASDAQ,Common Stock
WLY,John Wiley & Sons Inc Cl. A,NYSE,Common Stock
WLYB,Wiley John And Sons Cl B,NYSE,Common Stock
WM,Waste Management Inc,NYSE,Common Stock
WMB,Williams Cos Inc,NYSE,Common Stock
WMG,Warner Music Group Corp-Cl A,NASDAQ,Common Stock
WMK,Weis Markets Inc,NYSE,Common Stock
WMS,Advanced Drainage Systems In,NYSE,Common Stock
WMT,Wal-Mart Stores Inc,NASDAQ,Common Stock
WMTI,REX WMT Growth & Income ETF,Cboe,ETF
WNC,Wabash National Corp,NYSE,Common Stock
WNEB,Western New England Bancorp Inc.,NASDAQ,Common Stock
WOLF,Wolfspeed Inc,NYSE,Common Stock
WOOD,iShares Global Timber & Forestry ETF,NASDAQ,ETF
WOOF,Petco Health And Wellness Co,NASDAQ,Common Stock
WOR,Worthington Enterprises Inc,NYSE,Common Stock
WORX,SCWorx Corp,NASDAQ,Common Stock
WPM,Wheaton Precious Metals Corp,NYSE,Common Stock
WPP,WPP PLC,NYSE,ADR
WPRT,Westport Fuel Systems Inc,NASDAQ,Common Stock
WRAP,Wrap Technologies Inc,NASDAQ,Common Stock
WRB,WR Berkley Corp,NYSE,Common Stock
WRBY,Warby Parker Inc,NYSE,Common Stock
WRLD,World Acceptance Corp,NASDAQ,Common Stock
WS,Worthington Steel Inc,NYSE,Common Stock
WSBC,Wesbanco Inc,NASDAQ,Common Stock
WSBF,Waterstone Financial Inc,NASDAQ,Common Stock
WSBK,Winchester Bancorp Inc,NASDAQ,Common Stock
WSC,WillScot Holdings Corp,NASDAQ CAP,Common Stock
WSFS,WSFS Financial Corp,NASDAQ,Common Stock
WSHP,WeShop Holdings Ltd,NASDAQ,Common Stock
WSM,Williams-Sonoma Inc,NYSE,Common Stock
WSO,Watsco Inc,NYSE,Common Stock
WST,West Pharmaceutical Services,NYSE,Common Stock
WT,WisdomTree Inc,NYSE,Common Stock
WTBA,West Bancorporation,NASDAQ,Common Stock
WTFC,Wintrust Financial Corp,NASDAQ,Common Stock
WTI,W&T Offshore Inc,NYSE,Common Stock
WTM,White Mountains Insurance Gp,NYSE,Common Stock
WTRG,Essential Utilities Inc,NYSE,Common Stock
WTS,Watts Water Technologies-A,NYSE,Common Stock
WTTR,Select Water Solutions Inc,NYSE,Common Stock
WTW,Willis Towers Watson Public Limited Company ,NASDAQ,Common Stock
WU,Western Union Co,NYSE,Common Stock
WULF,Terawulf Inc,NASDAQ,Common Stock
WVE,Wave Life Sciences Ltd. Ordinary Shares,NASDAQ,Common Stock
WVVI,Willamette Valley Vineyards,NASDAQ,Common Stock
WW,WW International Inc,NASDAQ,Common Stock
WWD,Woodward Inc,NASDAQ,Common Stock
WWR,Westwater Resources Inc.,NYSE American,Common Stock
WWW,Wolverine World Wide Inc,NYSE,Common Stock
WYFI,Whitefiber Inc,NASDAQ,Common Stock
WYNN,Wynn Resorts Ltd,NASDAQ,Common Stock
WYY,Widepoint Corp,NYSE American,Common Stock
XAIR,Beyond Air Inc.,NASDAQ,Common Stock
XBIO,Xenetic Biosciences Inc,NASDAQ,Common Stock
XBIT,Xbiotech Inc,NASDAQ,Common Stock
XBP,XBP Global Holdings Inc,NASDAQ CAP,Common Stock
XCUR,Exicure Inc,NASDAQ,Common Stock
XEL,Xcel Energy Inc,NASDAQ,Common Stock
XELB,Xcel Brands Inc,NASDAQ,Common Stock
XENE,Xenon Pharmaceuticals Inc,NASDAQ,Common Stock
XERS,Xeris Biopharma Holdings Inc.,NASDAQ,Common Stock
XFOR,X4 Pharmaceuticals Inc,NASDAQ,Common Stock
XGN,Exagen Inc,NASDAQ,Common Stock
XHLD,TEN Holdings Inc,NASDAQ,Common Stock
XIFR,XPLR Infrastructure LP,NYSE,Common Stock
XLB,State Street Materials Select Sector SPDR ETF,ARCA,ETF
XLC,State Street Communication Services Select Sector SPDR ETF,ARCA,ETF
XLE,State Street Energy Select Sector SPDR ETF,ARCA,ETF
XLF,State Street Financial Select Sector SPDR ETF,ARCA,ETF
XLI,State Street Industrial Select Sector SPDR ETF,ARCA,ETF
XLK,State Street Technology Select Sector SPDR ETF,ARCA,ETF
XLO,Xilio Therapeutics Inc,NASDAQ,Common Stock
XLP,State Street Consumer Staples Select Sector SPDR ETF,ARCA,ETF
XLRE,State Street Real Estate Select Sector SPDR ETF,ARCA,ETF
XLU,State Street Utilities Select Sector SPDR ETF,ARCA,ETF
XLV,State Street Health Care Select Sector SPDR Fund,ARCA,ETF
XLY,State Street Consumer Discretionary Select Sector SPDR ETF,ARCA,ETF
XMTR,Xometry Inc A,NASDAQ,Common Stock
XNCR,Xencor Inc,NASDAQ,Common Stock
XOM,Exxon Mobil Corp,NYSE,Common Stock
XOMA,XOMA Royalty Corporation,NASDAQ,Common Stock
XOMX,Direxion Daily XOM Bull 2X Shares,NASDAQ,ETF
XOMZ,Direxion Daily XOM Bear 1X Shares,NASDAQ,ETF
XOS,Xos Inc,NASDAQ,Common Stock
XP,Xp Inc,NASDAQ,Common Stock
XPEL,Xpel Inc,NASDAQ,Common Stock
XPER,Xperi Inc,NYSE,Common Stock
XPEV,Xpeng Inc Adr,NYSE,ADR
XPO,XPO Inc,NYSE,Common Stock
XPOF,Xponential Fitness Inc A,NYSE,Common Stock
XPON,Expion360 Inc,NASDAQ,Common Stock
XPRO,Expro Group Holdings Nv,NYSE,Common Stock
XRAY,DENTSPLY SIRONA Inc,NASDAQ,Common Stock
XRMI,GlobalX S&P 500 Risk Managed Income ETF,ARCA,ETF
XRX,Xerox Corp,NASDAQ,Common Stock
XSOE,WisdomTree Emerging Markets ex-State-Owned Enterprises Fund,ARCA,ETF
XTIA,XTI Aerospace Inc,NASDAQ CAP,Common Stock
XWEL,XWELL Inc,NASDAQ CAP,Common Stock
XWIN,XMAX Inc,NASDAQ CAP,Common Stock
XXI,Twenty One Capital Inc,NYSE,Common Stock
XXII,22Nd Century Group Inc,NASDAQ,Common Stock
XYF,X Financial ADR,NYSE,ADR
XYL,Xylem Inc,NYSE,Common Stock
XYLD,GlobalX S&P 500 Covered Call ETF,ARCA,ETF
XYLG,GlobalX S&P 500 Covered Call & Growth ETF,ARCA,ETF
XYZ,Block Inc,NYSE,Common Stock
XZO,Exzeo Group Inc,NYSE,Common Stock
YALA,Yalla Group Ltd,NYSE,ADR
YANG,Direxion Daily FTSE China Bear 3X Shares,ARCA,ETF
YCBD,Cbdmd Inc,NYSE Market,Common Stock
YDDL,One and one Green Technologies Inc,NASDAQ,Common Stock
YELP,Yelp Inc,NYSE,Common Stock
YETI,Yeti Holdings Inc,NYSE,Common Stock
YEXT,Yext Inc,NYSE,Common Stock
YHC,LQR House Inc,NASDAQ,Common Stock
YHGJ,Yunhong Green CTI Ltd,NASDAQ,Common Stock
YHNA,YHN Acquisition I Ltd,NASDAQ,Common Stock
YI,111 Inc,NASDAQ,ADR
YINN,Direxion Daily FTSE China Bull 3X Shares,ARCA,ETF
YJ,Yunji Inc Adr,NASDAQ CAP,ADR
YMAG,YieldMax Magnificent 7 Fund of Option Income ETFs,ARCA,ETF
YMAT,J-Star Holding Co Ltd,NASDAQ,Common Stock
YMAX,YieldMax Universe Fund of Option Income ETFs,ARCA,ETF
YMM,Full Truck Alliance Co Ltd,NYSE,ADR
YORW,York Water Co,NASDAQ,Common Stock
YOU,Clear Secure Inc,NYSE,Common Stock
YPF,Ypf Sa Sponsored Adr,NYSE,ADR
YQ,17 Education And Technology Group Inc,NASDAQ,ADR
YSG,Yatsen Holding Ltd Adr,NYSE,ADR
YSPY,GraniteShares YieldBOOST SPY ETF,NASDAQ,ETF
YSS,York Space Systems Inc,NYSE,Common Stock
YTRA,Yatra Online Inc,NASDAQ,Common Stock
YUM,Yum Brands,NYSE,Common Stock
YUMC,Yum China Holdings Inc,NYSE,Common Stock
YYGH,YY Group Holding Ltd,NASDAQ,Common Stock
YYY,Amplify CEF High Income ETF,ARCA,ETF
Z,Zillow Inc-Class C,NASDAQ,Common Stock
ZBH,Zimmer Biomet Hldgs Inc,NYSE,Common Stock
ZBIO,Zenas Biopharma Inc,NASDAQ,Common Stock
ZBRA,Zebra Technologies Corp-Cl A,NASDAQ,Common Stock
ZD,Ziff Davis Inc,NASDAQ,Common Stock
ZDGE,Zedge Inc-Cl B,NYSE American,Common Stock
ZENA,ZenaTech Inc,NASDAQ,Common Stock
ZENV,Zenvia Inc A,NASDAQ,Common Stock
ZEO,Zeo Energy Corp,NASDAQ,Common Stock
ZEPP,Zepp Health Corp,NYSE,ADR
ZETA,Zeta Global Holdings Corp A,NYSE,Common Stock
ZEUS,Olympic Steel Inc,NASDAQ,Common Stock
ZG,Zillow Inc-Class A,NASDAQ,Common Stock
ZGM,Zenta Group Co Ltd,NASDAQ,Common Stock
ZH,Zhihu Inc Adr,NYSE,ADR
ZIM,Zim Integrated Shipping Serv,NYSE,Common Stock
ZION,Zions Bancorporation N.A.,NASDAQ,Common Stock
ZIP,Ziprecruiter Inc A,NYSE,Common Stock
ZLAB,Zai Lab Ltd Adr,NASDAQ,ADR
ZM,Zoom Comminucations Inc,NASDAQ,Common Stock
ZNB,Zeta Network Group,NASDAQ CAP,Common Stock
ZNTL,Zentalis Pharmaceuticals Inc,NASDAQ,Common Stock
ZONE,Cleancore Solutions Inc,NYSE Market,Common Stock
ZS,Zscaler Inc,NASDAQ,Common Stock
ZSPC,Zspace Inc,NASDAQ CAP,Common Stock
ZSTK,ZeroStack Corp,NASDAQ CAP,Common Stock
ZTO,Zto Express Cayman Inc Adr,NYSE,ADR
ZTS,Zoetis Inc,NYSE,Common Stock
ZUMZ,Zumiez Inc,NASDAQ,Common Stock
ZVIA,Zevia Pbc A,NYSE,Common Stock
ZVRA,Zevra Therapeutics Inc,NASDAQ,Common Stock
ZWS,Zurn Elkay Water Solutions Cor,NYSE,Common Stock
ZYME,Zymeworks Inc,NASDAQ,Common Stock
